image_path,x1,y1,x2,y2,category,image_id,split,category_old
img/Paris_France_Tee/img_00000062.jpg,1,21,213,299,5,128354,val,18
img/Fringed_Tribal_Pattern_Cardigan/img_00000031.jpg,1,2,200,288,1,97400,val,6
img/Triangle-Patterned_Slub_Knit_Tee/img_00000024.jpg,78,54,133,122,5,52060,val,18
img/Floral_Print_Racerback_Tank/img_00000036.jpg,91,41,158,106,3,94465,val,17
img/Floral_Lace-Paneled_Cardigan/img_00000033.jpg,13,1,282,300,1,94035,val,6
img/Wander_With_Love_Tank/img_00000020.jpg,70,51,132,139,3,57364,val,17
img/Vented_Stripe_Tee/img_00000020.jpg,39,66,166,252,5,56673,val,18
img/Scalloped_Lace_Cardigan/img_00000028.jpg,1,38,300,192,1,137468,val,6
img/Dainty_Lace_Tee/img_00000032.jpg,50,64,159,205,5,79320,val,18
img/Striped_Heathered_Tee/img_00000004.jpg,12,35,194,265,5,43288,val,18
img/Cutout_Back_Striped_Sweater/img_00000016.jpg,1,115,184,300,2,78696,val,16
img/Slub_Knit_Tank/img_00000006.jpg,60,46,161,253,3,36243,val,17
img/Pleated_Chiffon_Blouse/img_00000018.jpg,1,36,213,300,4,28639,val,3
img/Rugby_Stripe_Sweater/img_00000059.jpg,33,15,207,266,2,136819,val,16
img/The_Beatles_Graphic_Tee/img_00000040.jpg,45,1,225,196,5,49472,val,18
img/Scalloped_Crochet_Tank/img_00000030.jpg,87,44,139,98,3,137383,val,17
img/Longline_Crochet_Cardigan/img_00000013.jpg,83,76,183,249,1,113535,val,6
img/Rugby_Striped_Crew_Neck_Sweater/img_00000037.jpg,31,54,152,245,2,136918,val,16
img/Laid_Back_Striped_Sweater/img_00000048.jpg,1,1,163,163,2,111172,val,16
img/Drape-Front_Marled_Cardigan/img_00000035.jpg,36,48,137,197,1,83072,val,6
img/Fringe_Muscle_Tee/img_00000055.jpg,91,79,233,198,5,96789,val,18
img/Draped_Open-Front_Cardigan/img_00000050.jpg,76,72,225,299,1,83677,val,6
img/Snake_Print_Racerback_Tank/img_00000050.jpg,66,1,236,300,3,36647,val,17
img/Road_Trip_Ready_Cardigan/img_00000005.jpg,8,70,217,272,1,135214,val,6
img/Civil_Longline_Mesh_Tee/img_00000033.jpg,29,56,193,279,5,66249,val,18
img/Floral_Chiffon_Blouse/img_00000118.jpg,61,1,233,300,4,20119,val,3
img/Draped_Waffle_Knit_Cardigan/img_00000022.jpg,69,76,230,242,1,83980,val,6
img/Do_Not_Care_V-Neck_Tee/img_00000039.jpg,91,88,213,222,5,82236,val,18
img/Faux_Fur_Bomber_Jacket/img_00000038.jpg,85,88,237,300,0,88775,val,11
img/Classic_Cropped_Sweater/img_00000032.jpg,26,57,150,192,2,67492,val,16
img/Beaded_Chiffon_Blouse/img_00000011.jpg,46,1,260,239,4,23197,val,3
img/Embroidered_Split_Neck_Peasant_Blouse/img_00000060.jpg,32,80,195,245,4,18789,val,3
img/Collarless_Sequined_Jacket/img_00000017.jpg,43,6,204,289,0,71374,val,11
img/Boxy_Cable_Knit_Sweater/img_00000011.jpg,34,48,123,165,2,133679,val,16
img/Tribal-Inspired_Fringed_Cardigan/img_00000025.jpg,120,40,215,253,1,52911,val,6
img/Mesh_Panel_Tank/img_00000002.jpg,48,1,277,300,3,118960,val,17
img/Modernist_Hooded_Jacket/img_00000008.jpg,24,61,142,255,0,121285,val,11
img/Joe_Cool_Cardigan/img_00000023.jpg,68,66,234,300,1,107547,val,6
img/Triangle_Stripe_Batwing_Cardigan/img_00000027.jpg,24,73,181,300,1,51995,val,6
img/California_Graphic_Tank/img_00000053.jpg,58,51,183,267,3,61657,val,17
img/Longline_Rose_Print_Cardigan/img_00000044.jpg,18,106,170,169,1,114294,val,6
img/Floral_Cropped_Sweater_Tank/img_00000062.jpg,26,1,225,236,3,93554,val,17
img/Shawl_Collar_Maxi_Cardigan/img_00000014.jpg,64,49,246,270,1,139259,val,6
img/Woven_Wrap_Cardigan/img_00000056.jpg,120,61,212,170,1,58922,val,6
img/Southwestern_Print_Racerback_Tank/img_00000004.jpg,71,52,145,187,3,38308,val,17
img/Boxy_Mixed_Stripe_Blouse/img_00000083.jpg,32,47,163,254,4,32583,val,3
img/Essential_Draped_Cardigan/img_00000049.jpg,40,69,210,299,1,87222,val,6
img/Sheer_Pleated-Front_Blouse/img_00000121.jpg,23,98,181,300,4,120,val,3
img/Faux_Leather_Cutout_Jacket/img_00000013.jpg,182,52,255,160,0,89735,val,11
img/Medallion_Print_Blouse/img_00000064.jpg,1,17,236,252,4,25928,val,3
img/Life_Coordinates_Tee/img_00000004.jpg,33,1,280,300,5,112310,val,18
img/Marled_Twist-Front_Blouse/img_00000004.jpg,23,58,126,238,4,25790,val,3
img/Side_Vent_Tank/img_00000001.jpg,46,87,146,261,3,33550,val,17
img/Longline_Crinkled_Blouse/img_00000070.jpg,43,69,177,268,4,25050,val,3
img/Sheer_Beaded_Blouse/img_00000082.jpg,47,3,268,289,4,32686,val,3
img/Scuba_Knit_Peplum_Jacket/img_00000010.jpg,65,70,231,272,0,138002,val,11
img/Bandana_Print_Tee/img_00000036.jpg,1,30,200,282,5,96572,val,18
img/Distressed_Ghostbusters_Muscle_Tank/img_00000011.jpg,55,77,165,202,3,81517,val,17
img/Surfer_Girl_Tank/img_00000019.jpg,45,14,177,203,3,46846,val,17
img/Classic_Split-Neck_Blouse/img_00000075.jpg,86,112,218,251,4,11139,val,3
img/Essential_Raglan_Tee/img_00000015.jpg,25,72,200,273,5,87292,val,18
img/Striped_Textured_Sweater/img_00000060.jpg,83,61,226,228,2,45658,val,16
img/Striped_Knit_Sweater/img_00000038.jpg,32,54,117,141,2,43729,val,16
img/Side_Cutout_Slub_Knit_Tank/img_00000021.jpg,72,52,163,207,3,33478,val,17
img/Sunglass_Girl_Graphic_Tee/img_00000039.jpg,1,28,230,244,5,46798,val,18
img/Hooded_Asymmetrical_Longline_Jacket/img_00000007.jpg,74,44,176,218,0,104283,val,11
img/French_Graphic_Tee/img_00000063.jpg,3,16,196,266,5,96312,val,18
img/Belted_Open-Knit_Cardigan/img_00000028.jpg,42,76,202,300,1,119368,val,6
img/Ribbed_Dolman_Cardigan/img_00000018.jpg,61,100,215,260,1,134241,val,6
img/Contrast_Mesh-Paneled_Tee/img_00000011.jpg,22,58,226,284,5,73395,val,18
img/Maxi_Dolman_Cardigan/img_00000012.jpg,15,26,169,135,1,118641,val,6
img/Striped_Athletic_Jacket/img_00000008.jpg,6,6,284,262,0,41504,val,11
img/Embroidered_Pintucked_Blouse/img_00000040.jpg,11,71,168,248,4,18548,val,3
img/Two-Pocket_Cardigan/img_00000018.jpg,51,98,159,266,1,54550,val,6
img/Contrast-Paneled_Dolman_Blouse/img_00000088.jpg,26,63,139,170,4,12801,val,3
img/Slub_Knit_Cotton_Tee/img_00000031.jpg,11,79,220,263,5,35593,val,18
img/Joe_Cool_Cardigan/img_00000022.jpg,60,56,142,162,1,107546,val,6
img/Geometric_Button-Down_Blouse/img_00000004.jpg,42,87,221,300,4,21754,val,3
img/Asymmetrical_Hem_Tee/img_00000029.jpg,40,68,167,248,5,90922,val,18
img/Cable_Knit_Striped_Sweater/img_00000020.jpg,1,25,240,300,2,59944,val,16
img/Fuzzy_Hooded_Toggle_Cardigan/img_00000031.jpg,34,67,140,284,1,97563,val,6
img/Wander_With_Love_Tank/img_00000046.jpg,26,5,241,300,3,57390,val,17
img/Tartan_Plaid_Cuffed-Sleeve_Tee/img_00000010.jpg,31,73,212,253,5,47260,val,18
img/Crochet-Trimmed_Rose_Print_Blouse/img_00000038.jpg,46,79,248,272,4,14622,val,3
img/Basic_Tank/img_00000045.jpg,38,46,168,300,3,103469,val,17
img/Camouflage_Print_Shirt_Jacket/img_00000031.jpg,32,58,135,182,0,62149,val,11
img/Floral_Cropped_Sweater_Tank/img_00000028.jpg,39,23,272,300,3,93520,val,17
img/Crochet-Trimmed_Muscle_Tee/img_00000011.jpg,25,56,114,239,5,76547,val,18
img/Braided_T-Back_Tank/img_00000052.jpg,40,67,172,297,3,40827,val,17
img/Lost_&_Found_Wool-Blend_Sweater/img_00000053.jpg,35,53,169,284,2,115472,val,16
img/Chevron_Pattern_Cardigan/img_00000008.jpg,56,76,246,261,1,63658,val,6
img/Tiered_Tie-Front_Cardigan/img_00000036.jpg,44,94,216,274,1,51163,val,6
img/Fitted_Ribbed-Knit_Sweater/img_00000024.jpg,73,50,125,146,2,92922,val,16
img/Duo-Stripe_Tee/img_00000022.jpg,1,17,300,300,5,84864,val,18
img/Drop-Sleeve_V-Neck_Sweater/img_00000018.jpg,28,72,149,300,2,84676,val,16
img/Open-Knit_Poncho_Sweater/img_00000024.jpg,101,45,300,235,2,125611,val,16
img/Ribbed_Turtleneck_Sweater/img_00000040.jpg,22,44,171,276,2,135180,val,16
img/Iconic_V-Neck_Cardigan/img_00000037.jpg,45,106,140,271,1,106848,val,6
img/Batwing_Fringe_Cardigan/img_00000004.jpg,51,46,136,236,1,104414,val,6
img/Classic_Cropped_Sweater/img_00000048.jpg,50,51,144,161,2,67508,val,16
img/Floral_Print_Racerback_Tank/img_00000052.jpg,42,63,140,257,3,94481,val,17
img/Colorblocked_Tribal_Print_Blouse/img_00000029.jpg,9,80,200,273,4,12631,val,3
img/Sheer_Sequin_Tank/img_00000007.jpg,8,72,135,269,3,32903,val,17
img/Fitted_V-Neck_Cardigan/img_00000052.jpg,18,38,224,300,1,93009,val,6
img/BRB_Graphic_Tee/img_00000012.jpg,1,7,300,300,5,93403,val,18
img/Tropical_Print_Tank/img_00000028.jpg,27,54,177,297,3,53271,val,17
img/Embroidered_Self-Tie_Blouse/img_00000003.jpg,14,57,121,178,4,18639,val,3
img/Arrow-Printed_Tee/img_00000038.jpg,18,21,283,292,5,89456,val,18
img/Floral_Cropped_Sweater_Tank/img_00000002.jpg,59,44,141,156,3,93494,val,17
img/Longline_Satin_Jacket/img_00000002.jpg,36,62,160,300,0,114355,val,11
img/Cropped_Baseball_Raglan_Tee/img_00000049.jpg,131,40,300,291,5,77098,val,18
img/Floral_Print_Bomber_Jacket/img_00000033.jpg,58,53,146,164,0,94187,val,11
img/Slouchy_Twill_Utility_Jacket/img_00000030.jpg,44,76,144,258,0,35301,val,11
img/Stretch_Knit_Tank/img_00000004.jpg,86,69,201,274,3,40848,val,17
img/If_Not_Now_Graphic_Muscle_Tee/img_00000017.jpg,45,71,153,181,5,106895,val,18
img/Crochet_Racerback_Tank/img_00000038.jpg,103,38,149,143,3,76172,val,17
img/Tribal_Print_Tank/img_00000029.jpg,84,69,204,290,3,52606,val,17
img/Petal-Sleeved_Blouse/img_00000005.jpg,63,65,226,194,4,27791,val,3
img/DEFYANT_Faux-Leather_Paneled_Mesh_Tee/img_00000027.jpg,11,14,148,205,5,79223,val,18
img/Faux_Pearl_Knit_Cardigan/img_00000008.jpg,19,67,175,300,1,91083,val,6
img/Hooded_Cardigan/img_00000029.jpg,41,90,169,270,1,104537,val,6
img/Longline_Striped_Cardigan/img_00000001.jpg,23,1,285,300,1,114507,val,6
img/Boxy_Utility_Jacket/img_00000027.jpg,38,63,180,276,0,39267,val,11
img/Vented_Back_Tank/img_00000001.jpg,41,56,216,271,3,56617,val,17
img/Heathered_Raglan_Sweater/img_00000043.jpg,62,92,157,215,2,102221,val,16
img/I_Need_Coffee_Tee/img_00000049.jpg,1,7,250,300,5,106700,val,18
img/Striped_Geo_Print_Tee/img_00000047.jpg,30,64,174,215,5,43282,val,18
img/Striped_Waffle_Knit_Sweater/img_00000029.jpg,37,62,219,289,2,46119,val,16
img/Chunky_Knit_Tassel_Cardigan/img_00000027.jpg,61,31,139,187,1,65460,val,6
img/Striped_Pocket_Tee/img_00000023.jpg,106,61,200,182,5,44764,val,18
img/Sleek_Woven_Pocket_Blouse/img_00000052.jpg,33,69,278,300,4,1087,val,3
img/Floral_Lace-Paneled_Tee/img_00000038.jpg,20,53,156,233,5,94094,val,18
img/Favorite_Relaxed_Fit_Tank/img_00000002.jpg,57,1,249,300,3,92245,val,17
img/Abstract-Stripe_Fuzzy_Sweater/img_00000024.jpg,24,55,180,238,2,80896,val,16
img/EPTM._Quilted_Colorblock_Baseball_Jacket/img_00000031.jpg,13,58,158,235,0,84993,val,11
img/Striped_Textured_Sweater/img_00000028.jpg,103,40,194,147,2,45626,val,16
img/Open-Front_Shawl_Cardigan/img_00000042.jpg,1,21,178,237,1,125175,val,6
img/V-Neck_Tank/img_00000037.jpg,146,11,297,266,3,55639,val,17
img/Distressed_Dolman_Tee/img_00000006.jpg,83,57,261,258,5,81371,val,18
img/Boxy_Knit_Sweater/img_00000001.jpg,22,17,214,257,2,138381,val,16
img/Classic_Open-Front_Cardigan/img_00000025.jpg,32,51,216,300,1,68663,val,6
img/Crochet_Lace-Trimmed_Sweater/img_00000016.jpg,17,100,184,258,2,75841,val,16
img/Embroidered_Lace-Paneled_Longline_Cardigan/img_00000003.jpg,67,40,120,229,1,86436,val,6
img/Dolphin_Hem_Blouse/img_00000025.jpg,64,84,230,218,4,16065,val,3
img/Married_To_The_Mob_Shopping_Tank/img_00000010.jpg,1,82,300,199,3,118417,val,17
img/Sorry_Im_Late_Ringer_Tee/img_00000040.jpg,1,15,214,170,5,37507,val,18
img/Ribbed_Shawl_Cardigan/img_00000042.jpg,1,39,217,300,1,134961,val,6
img/Boxy_Pocket_Tee/img_00000060.jpg,69,73,211,231,5,34221,val,18
img/Cozy_Abstract_Cardigan/img_00000021.jpg,104,45,204,201,1,74693,val,6
img/Embroidered_Split_Neck_Peasant_Blouse/img_00000027.jpg,23,85,231,289,4,18756,val,3
img/Slouchy_Fuzzy_Knit_Cardigan/img_00000039.jpg,1,75,204,226,1,35081,val,6
img/Crochet_Maxi_Cardigan/img_00000041.jpg,8,47,214,289,1,75934,val,6
img/Collarless_Faux_Fur_Jacket/img_00000040.jpg,1,1,191,295,0,70966,val,11
img/Nautical_Striped_Sweater/img_00000027.jpg,39,128,202,289,2,122560,val,16
img/Pintucked_Rose_Print_Blouse/img_00000065.jpg,1,47,200,220,4,28616,val,3
img/Marled_Knit_Dolman_Cardigan/img_00000004.jpg,80,86,259,295,1,117314,val,6
img/Collared_Drawstring_Jacket/img_00000018.jpg,25,70,182,259,0,70650,val,11
img/Crochet-Back_Tank/img_00000034.jpg,16,1,167,300,3,76232,val,17
img/Colorblocked_Track_Jacket/img_00000023.jpg,1,1,274,300,0,73104,val,11
img/Ombr&eacute;_High-Slit_Tank/img_00000006.jpg,29,60,144,196,3,124105,val,17
img/Scuba_Mesh_Athletic_Jacket/img_00000003.jpg,27,63,227,257,0,138090,val,11
img/Scoop_Neck_Slub_Knit_Tee/img_00000022.jpg,20,113,186,273,5,137710,val,18
img/Classic_Heathered_Sweater/img_00000033.jpg,68,90,218,283,2,68096,val,16
img/Abstract_Geo_Print_Tank/img_00000006.jpg,41,80,161,243,3,138946,val,17
img/Faux_Shearling_Hooded_Parka/img_00000025.jpg,25,55,205,300,0,91316,val,13
img/Seamless_Zip-Up_Track_Jacket/img_00000047.jpg,29,63,202,274,0,138282,val,11
img/Embroidered_Split_Neck_Peasant_Blouse/img_00000027.jpg,23,85,231,289,4,18756,val,3
img/Pleated_Peasant_Blouse/img_00000002.jpg,35,29,195,235,4,29050,val,3
img/Ruffled_Floral_Blouse/img_00000008.jpg,36,22,158,141,4,31413,val,3
img/Hooded_Chenille_Cardigan/img_00000036.jpg,9,63,191,228,1,104690,val,6
img/Two-Pocket_Cardigan/img_00000028.jpg,66,71,232,272,1,54560,val,6
img/Heathered_Mickey_Mouse_Tee/img_00000017.jpg,45,53,131,129,5,101832,val,18
img/Braided-Strap_Tour_Graphic_Tank/img_00000029.jpg,53,68,162,281,3,41261,val,17
img/Sleek_Woven_Pocket_Blouse/img_00000067.jpg,31,47,189,210,4,1102,val,3
img/Striped_V-Neck_Sweater/img_00000049.jpg,70,35,161,159,2,46014,val,16
img/Off-The-Shoulder_Blouse/img_00000135.jpg,39,88,200,275,4,26599,val,3
img/Sheer_Beaded_Blouse/img_00000065.jpg,14,73,86,157,4,32669,val,3
img/Rhinestone_Embellished_Shaggy_Sweater/img_00000021.jpg,184,3,300,202,2,133353,val,16
img/Draped_Shawl_Collar_Cardigan/img_00000054.jpg,45,38,255,300,1,83850,val,6
img/Pleated_Floral_Print_Blouse/img_00000012.jpg,159,165,300,276,4,28814,val,3
img/Marled_Dolphin_Hem_Sweater/img_00000026.jpg,70,78,233,284,2,116999,val,16
img/Dip-Dye_Tank/img_00000021.jpg,45,1,255,297,3,81019,val,17
img/Kaleidoscope_Woven_Tee/img_00000028.jpg,12,21,222,266,5,107627,val,18
img/Cutout_Bow_Blouse/img_00000085.jpg,109,40,194,158,4,15268,val,3
img/Floral_Crochet_Cutout_Blouse/img_00000004.jpg,1,14,278,296,4,20167,val,3
img/DARE_Muscle_Tee/img_00000049.jpg,69,73,165,195,5,79129,val,18
img/Heathered_Wool_Sweater/img_00000040.jpg,45,40,248,283,2,103078,val,16
img/Crochet-Trimmed_Sweater/img_00000025.jpg,39,64,170,210,2,76672,val,16
img/Classic_Cropped_Sweater/img_00000020.jpg,35,45,133,153,2,67480,val,16
img/Waffle_Knit_Cardigan/img_00000012.jpg,8,72,171,300,1,56836,val,6
img/Collared_Plaid_Blouse/img_00000112.jpg,94,46,195,136,4,11724,val,3
img/Galaxy_Print_Tee/img_00000078.jpg,26,69,176,259,5,97993,val,18
img/Ribbed_Shawl_Cardigan/img_00000028.jpg,15,33,159,252,1,134947,val,6
img/Cap-Sleeved_Turtleneck_Sweater/img_00000007.jpg,70,132,231,217,2,62438,val,16
img/Striped_Stretch-Knit_Tee/img_00000015.jpg,30,92,208,278,5,45434,val,18
img/Rose_Print_Woven_Cardigan/img_00000006.jpg,48,56,155,246,1,136183,val,6
img/Tab-Sleeved_Chiffon_Blouse/img_00000083.jpg,38,60,147,251,4,3397,val,3
img/Heathered_Seamless_Workout_Tank/img_00000032.jpg,64,48,126,219,3,102522,val,17
img/Floral_Lace_Maxi_Cardigan/img_00000050.jpg,7,17,193,298,1,93867,val,6
img/Zippered_Open-Front_Jacket/img_00000044.jpg,1,100,198,272,0,60641,val,11
img/Chiffon_Curved_Hem_Blouse/img_00000064.jpg,31,10,141,212,4,9458,val,3
img/Trimmed_Pocket_Tank/img_00000004.jpg,51,51,176,250,3,53098,val,17
img/Draped_Pocket_Kimono_Cardigan/img_00000002.jpg,55,106,149,198,1,83744,val,6
img/Boxy_Turtleneck_Sweater/img_00000076.jpg,69,49,227,289,2,39201,val,16
img/Collarless_Marled_Cardigan/img_00000002.jpg,52,62,176,191,1,71179,val,6
img/Layered-Collar_Sweater/img_00000007.jpg,42,61,209,228,2,111725,val,16
img/Draped_Longline_Cardigan/img_00000036.jpg,55,51,141,204,1,83568,val,6
img/Sateen_V-Neck_Dolphin_Blouse/img_00000074.jpg,38,35,159,196,4,32151,val,3
img/Faded_Tank/img_00000038.jpg,60,1,235,300,3,88301,val,17
img/Mesh_Panel_Tank/img_00000016.jpg,104,62,188,260,3,118974,val,17
img/Everyday_Open-Knit_Cardigan/img_00000010.jpg,68,74,236,295,1,87618,val,6
img/Style_Graphic_Racerback_Tank/img_00000045.jpg,31,45,91,150,3,46517,val,17
img/Zippered_Bomber_Jacket/img_00000007.jpg,1,53,179,219,0,60002,val,11
img/Hooded_Drape_Cardigan/img_00000039.jpg,175,11,300,300,1,104809,val,6
img/V-Cut_Fringe_Tank/img_00000016.jpg,64,63,198,212,3,55089,val,17
img/Striped_Crew_Neck_Sweater/img_00000060.jpg,1,59,200,250,2,42525,val,16
img/Tulip_Sleeve_Satin_Blouse/img_00000089.jpg,68,80,242,238,4,6225,val,3
img/Floral_Crochet_Sweater/img_00000023.jpg,43,40,193,266,2,93297,val,16
img/Striped_Slub_Knit_Tank/img_00000019.jpg,49,80,141,200,3,45269,val,17
img/Crochet-Trimmed_Batwing_Cardigan/img_00000033.jpg,63,60,177,183,1,76446,val,6
img/Boho_Doll_Crocheted_Cardigan/img_00000024.jpg,28,115,186,300,1,128948,val,6
img/Striped_Shawl_Collar_Cardigan/img_00000045.jpg,36,74,163,201,1,45218,val,6
img/Fringed_Tie-Dye_Racerback_Tank/img_00000007.jpg,1,1,225,300,3,97329,val,17
img/Crochet-Trimmed_Batwing_Cardigan/img_00000037.jpg,32,104,169,258,1,76450,val,6
img/Rolling_Stones_Graphic_Tee/img_00000025.jpg,1,1,300,286,5,135468,val,18
img/Striped_Fringe_Cardigan/img_00000041.jpg,48,47,155,219,1,43076,val,6
img/Eyelash-Knit_Batwing_Cardigan/img_00000003.jpg,48,41,182,186,1,87850,val,6
img/Marled_Raglan_Tee/img_00000014.jpg,47,32,256,236,5,117889,val,18
img/Striped_Baseball_Tee/img_00000045.jpg,1,1,300,258,5,41683,val,18
img/Athletic_Mesh_Sports_Tank/img_00000006.jpg,45,6,125,160,3,91550,val,17
img/Distressed_Muscle_Tee/img_00000048.jpg,34,85,158,258,5,81665,val,18
img/Southwestern-Patterned_Pocket_Tee/img_00000045.jpg,33,28,201,225,5,38991,val,18
img/Sheer_Back_Tee/img_00000028.jpg,78,79,224,283,5,139307,val,18
img/Southwestern_Print_Cardigan/img_00000053.jpg,13,1,150,216,1,37969,val,6
img/Sheer-Paneled_Sweater/img_00000040.jpg,1,34,189,285,2,33107,val,16
img/Pineapple_Print_Tank/img_00000022.jpg,49,21,169,227,3,129155,val,17
img/Rhinestone_Embellished_Shaggy_Sweater/img_00000028.jpg,57,79,202,256,2,133360,val,16
img/Marled_Knit_V-Neck_Tee/img_00000027.jpg,23,95,226,267,5,117580,val,18
img/Tiered_Crochet_Tank/img_00000023.jpg,50,63,156,249,3,51055,val,17
img/Eyelash_Knit_Ribbed_Sweater/img_00000028.jpg,33,93,201,272,2,87773,val,16
img/Bike_Print_Tee/img_00000040.jpg,24,11,289,300,5,123288,val,18
img/Fringed_Floral_Crochet_Tank/img_00000020.jpg,1,16,214,170,3,96954,val,17
img/Longline_Rose_Print_Cardigan/img_00000004.jpg,50,59,158,227,1,114254,val,6
img/Solid_Raglan_Sweater/img_00000041.jpg,50,64,178,210,2,37386,val,16
img/Marled_Shag_Sweater/img_00000009.jpg,1,82,204,300,2,117944,val,16
img/Fitted_V-Neck_Tee/img_00000006.jpg,6,1,230,282,5,93028,val,18
img/Crisscross-Back_Striped_Tee/img_00000024.jpg,59,67,137,189,5,75434,val,18
img/Striped_Twist-Front_Blouse/img_00000030.jpg,50,104,202,251,4,3120,val,3
img/Heathered_Wool_Sweater/img_00000031.jpg,21,1,285,300,2,103069,val,16
img/Faux_Fur_Hood_Parka/img_00000007.jpg,60,64,211,296,0,88964,val,13
img/Striped_V-Neck_Sweater/img_00000059.jpg,25,53,164,284,2,46024,val,16
img/Chunky_Marled_Knit_Cardigan/img_00000046.jpg,56,40,234,300,1,65618,val,6
img/Round_Collar_Chiffon_Blouse/img_00000017.jpg,60,79,250,254,4,30943,val,3
img/Crochet-Trimmed_Blouse/img_00000004.jpg,60,38,119,137,4,14469,val,3
img/Tribal_Pattern_Tee/img_00000056.jpg,1,1,300,233,5,52210,val,18
img/Collarless_Popover_Blouse/img_00000094.jpg,69,72,233,233,4,12411,val,3
img/Asymmetric_Zip-Front_Cardigan/img_00000027.jpg,10,67,171,238,1,90319,val,6
img/Collared_Surplice_Blouse/img_00000083.jpg,19,17,179,237,4,11817,val,3
img/Camouflage_Print_Shirt_Jacket/img_00000049.jpg,1,22,243,300,0,62167,val,11
img/Los_Angeles_Muscle_Tee/img_00000002.jpg,1,1,300,300,5,115314,val,18
img/Los_Angeles_Lakers_Baseball_Tee/img_00000030.jpg,1,1,300,297,5,115279,val,18
img/Fringed_Lace_Cardigan/img_00000019.jpg,32,84,189,231,1,96997,val,6
img/Sheer_Embroidered_Tank/img_00000044.jpg,66,18,203,237,3,139399,val,17
img/Leaf_Print_Blouse/img_00000085.jpg,89,69,217,224,4,24544,val,3
img/Fair_Isle_Crew_Neck_Sweater/img_00000059.jpg,82,1,224,300,2,88429,val,16
img/Tribal-Inspired_Fringed_Cardigan/img_00000029.jpg,56,70,243,289,1,52915,val,6
img/Curved_Hem_Ribbed_Tank/img_00000025.jpg,47,1,179,300,3,78504,val,17
img/Meander_Wrap_Cardigan/img_00000023.jpg,8,70,195,230,1,118734,val,6
img/Rugby_Stripe_Sweater/img_00000032.jpg,1,13,151,198,2,136792,val,16
img/Cotton_V-Neck_Tee/img_00000017.jpg,43,42,144,141,5,74253,val,18
img/Geo_Pattern_Fringe_Cardigan/img_00000015.jpg,67,62,217,283,1,98327,val,6
img/Trouble_Graphic_Sweater/img_00000006.jpg,119,142,183,226,2,53343,val,16
img/Abstract_Plaid_Printed_Tee/img_00000003.jpg,1,1,300,300,5,63332,val,18
img/Fancy_Little_Number_Tee/img_00000027.jpg,16,57,132,138,5,88636,val,18
img/Longline_Floral_Lace_Cardigan/img_00000027.jpg,50,35,157,196,1,113840,val,6
img/Metallic_Beaded_Chiffon_Tank/img_00000007.jpg,81,81,189,298,3,119481,val,17
img/Stripe_Print_Surplice_Blouse/img_00000061.jpg,45,75,169,265,4,2327,val,3
img/Neon_Pocket_Tee/img_00000013.jpg,1,103,176,300,5,122797,val,18
img/Slub_Knit_Tank/img_00000017.jpg,104,63,198,274,3,36254,val,17
img/Windowpane_Floral_Crochet_Blouse/img_00000025.jpg,37,80,173,227,4,7679,val,3
img/Mineral_Wash_Utility_Jacket/img_00000008.jpg,76,41,165,146,0,120668,val,11
img/Heathered_Scuba_Knit_Bomber_Jacket/img_00000009.jpg,25,59,176,300,0,102396,val,11
img/Tie-Dye_Fringe_Tank/img_00000021.jpg,1,1,300,191,3,50343,val,17
img/Heathered_Fleece-Lined_Cardigan/img_00000011.jpg,111,51,189,222,1,101184,val,6
img/Faux_Shearling_Hooded_Parka/img_00000051.jpg,114,48,187,194,0,91342,val,13
img/Sheer_Pleated-Front_Blouse/img_00000144.jpg,47,97,207,300,4,143,val,3
img/Collarless_Woven_Jacket/img_00000025.jpg,64,6,165,133,0,71473,val,11
img/Fringed_Lace_Cardigan/img_00000020.jpg,63,46,134,147,1,96998,val,6
img/Zip-Up_Puffer_Jacket/img_00000004.jpg,21,52,300,300,0,59799,val,11
img/Open-Knit_Fringe_Tank/img_00000030.jpg,41,69,125,225,3,125457,val,17
img/Faux_Pearl_Knit_Cardigan/img_00000049.jpg,21,65,199,188,1,91124,val,6
img/Chiffon_Maxi_Cardigan/img_00000011.jpg,47,37,129,300,1,64293,val,6
img/Striped_Floral_Blouse/img_00000045.jpg,11,99,131,223,4,2611,val,3
img/Hooded_Chambray_Parka_Jacket/img_00000053.jpg,20,22,130,136,0,104651,val,11
img/Cozy_Cropped_Sweater/img_00000042.jpg,41,25,144,242,2,74805,val,16
img/Collared_Drawstring_Jacket/img_00000044.jpg,26,37,206,278,0,70676,val,11
img/Draped_Waffle_Knit_Cardigan/img_00000028.jpg,49,95,158,270,1,83986,val,6
img/Metallic-Threaded_Pointelle_Sweater/img_00000001.jpg,37,68,186,270,2,119836,val,16
img/Double-Breasted_Drawstring_Parka/img_00000043.jpg,1,48,194,293,0,82814,val,13
img/Longline_Utility_Jacket/img_00000010.jpg,94,40,171,194,0,114637,val,11
img/Burnout_Crew_Neck_Tee/img_00000026.jpg,53,78,174,225,5,49952,val,18
img/Marled_Maxi_Cardigan/img_00000031.jpg,30,59,164,249,1,117725,val,6
img/Rose-Embroidered_Gauze_Tank/img_00000003.jpg,81,52,215,286,3,136237,val,17
img/Dallas_Denim_Jacket/img_00000006.jpg,25,11,234,264,0,79477,val,11
img/Dotted_Ruffle_Blouse/img_00000045.jpg,40,48,255,150,4,16709,val,3
img/Time_for_That_Graphic_Tank/img_00000021.jpg,37,51,207,300,3,51361,val,17
img/Fringed_Diamond-Patterned_Sweater/img_00000027.jpg,38,70,166,211,2,96925,val,16
img/Fuzzy_Polka_Dot_Cardigan/img_00000024.jpg,53,83,155,227,1,97819,val,6
img/Colorblocked_Tee/img_00000004.jpg,40,72,207,269,5,73028,val,18
img/Drawstring-Collar_Jacket/img_00000044.jpg,59,72,237,269,0,84388,val,11
img/Classic_Crocheted_Lace_Blouse/img_00000023.jpg,59,66,160,188,4,10171,val,3
img/Lace-Paneled_Chiffon_Tank/img_00000008.jpg,71,67,162,228,3,110385,val,17
img/Dotted_Chiffon_Blouse/img_00000111.jpg,44,56,189,240,4,16382,val,3
img/Be_Happy_Knit_&_Woven_Tee/img_00000005.jpg,59,63,148,245,5,106418,val,18
img/So_Much_Internet_Tee/img_00000018.jpg,25,77,175,235,5,37049,val,18
img/Polka_Dot_Cropped_Blouse/img_00000061.jpg,14,1,296,178,4,29474,val,3
img/Cable_Knit_Batwing_Cardigan/img_00000009.jpg,20,39,106,184,1,58967,val,6
img/Striped_Boat_neck_Tee/img_00000085.jpg,12,21,287,300,5,41888,val,18
img/Collarless_Moto_Jacket/img_00000022.jpg,72,89,226,211,0,71237,val,11
img/Colorblock_Tie-Dye_Tank/img_00000010.jpg,107,65,203,254,3,71691,val,17
img/Collared_Plaid_Blouse/img_00000071.jpg,129,45,300,168,4,11683,val,3
img/Oversized_High-Neck_Sweater/img_00000030.jpg,36,49,188,299,2,126533,val,16
img/Bow_Back_Striped_Tank/img_00000002.jpg,59,62,151,200,3,130931,val,17
img/LA_Palm_Graphic_Tee/img_00000040.jpg,1,23,300,278,5,109435,val,18
img/Quilted_Faux_Leather_Jacket/img_00000017.jpg,18,15,240,300,0,131275,val,11
img/Eyelash_Lace_Trim_Blouse/img_00000060.jpg,44,27,171,160,4,19144,val,3
img/Embroidered_Longline_Cardigan/img_00000027.jpg,70,68,224,300,1,86572,val,6
img/Crepe_Henley_Blouse/img_00000116.jpg,33,64,172,260,4,13377,val,3
img/Faux_Shearling_Collar_Marled_Jacket/img_00000036.jpg,29,28,279,276,0,91289,val,11
img/Striped_Eyelash-Knit_Sweater/img_00000022.jpg,21,72,166,262,2,42930,val,16
img/Oversized_High-Neck_Sweater/img_00000058.jpg,60,34,96,161,2,126561,val,16
img/Asymmetric_Zip-Front_Cardigan/img_00000008.jpg,52,27,251,245,1,90300,val,6
img/Tasseled_Tribal_Print_Cardigan/img_00000027.jpg,1,67,194,263,1,47845,val,6
img/Abstract_Watercolor_Floral_Jacket/img_00000020.jpg,25,79,198,286,0,79067,val,11
img/Sheer_Sequin_Tank/img_00000043.jpg,17,1,195,272,3,32939,val,17
img/Rugby_Stripe_Sweater/img_00000061.jpg,52,70,233,281,2,136821,val,16
img/Marled_Open-Knit_Sweater/img_00000008.jpg,1,70,159,285,2,117847,val,16
img/Sheer_Lace_&_Chiffon_Blouse/img_00000051.jpg,58,1,239,243,4,32767,val,3
img/Chevron_Cutout_Back_Cardigan/img_00000001.jpg,41,53,170,225,1,63426,val,6
img/Embroidered_Gauze_Blouse/img_00000109.jpg,1,1,300,300,4,18019,val,3
img/Chunky_Marled_Knit_Cardigan/img_00000041.jpg,49,55,149,239,1,65613,val,6
img/Marled_Knit_Sweater/img_00000009.jpg,22,77,180,295,2,117517,val,16
img/Layered-Collar_Sweater/img_00000030.jpg,43,114,167,236,2,111748,val,16
img/Quilted_Faux_Leather_Bomber/img_00000067.jpg,70,44,156,156,0,29837,val,4
img/Marilyn_Monroe_Graphic_Tee/img_00000020.jpg,1,14,200,254,5,116432,val,18
img/Tiered_Tie-Front_Cardigan/img_00000061.jpg,29,70,157,271,1,51188,val,6
img/Shirred_Lace-Paneled_Blouse/img_00000100.jpg,41,45,135,135,4,527,val,3
img/Batwing_Open-Front_Cardigan/img_00000011.jpg,23,75,197,225,1,104847,val,6
img/Collarless_Faux_Fur_Jacket/img_00000008.jpg,52,88,254,300,0,70934,val,11
img/ACDC_Graphic_Tee/img_00000004.jpg,12,1,228,236,5,76299,val,18
img/Longline_Crochet_Cardigan/img_00000027.jpg,86,63,207,247,1,113549,val,6
img/Striped_Slub_Knit_Tee/img_00000027.jpg,50,87,184,249,5,45301,val,18
img/Cropped_Knit_Sweater/img_00000015.jpg,53,66,191,237,2,77329,val,16
img/Trouble_Graphic_Sweater/img_00000074.jpg,26,1,284,300,2,53410,val,16
img/Cheetah_Print_High-Neck_Blouse/img_00000005.jpg,103,54,300,283,4,9286,val,3
img/V-Neck_Burnout_Tee/img_00000043.jpg,8,75,196,240,5,55150,val,18
img/Collarless_Woven_Jacket/img_00000033.jpg,87,94,229,276,0,71481,val,11
img/Waffle-Sleeve_Raglan_Sweater/img_00000015.jpg,22,74,179,258,2,57156,val,16
img/Slub_Knit_Cardigan/img_00000022.jpg,36,69,163,262,1,35513,val,6
img/Chiffon-Paneled_Tank/img_00000011.jpg,43,27,151,224,3,65065,val,17
img/Faux_Leather-Paneled_Denim_Jacket/img_00000026.jpg,79,80,187,281,0,90604,val,11
img/Burnout_Cutout-Back_Tank/img_00000035.jpg,81,68,189,288,3,50121,val,17
img/Rolled-Edge_Sweater/img_00000023.jpg,59,8,165,144,2,135414,val,16
img/Braided_Crew_Neck_Sweater/img_00000011.jpg,1,85,165,258,2,40557,val,16
img/Lace-Trimmed_Knit_Tank/img_00000024.jpg,95,52,225,157,3,110769,val,17
img/Life_In_Progress_Abstract_Print_Chambray_Tank/img_00000020.jpg,48,42,128,225,3,112357,val,17
img/Crochet-Paneled_Chiffon_Blouse/img_00000014.jpg,235,3,300,93,4,14272,val,3
img/Chandelier_Print_Tee/img_00000011.jpg,17,1,283,300,5,63172,val,18
img/Guns_N_Roses_Muscle_Tee/img_00000033.jpg,207,51,266,164,5,99696,val,18
img/So_Fine_Graphic_Tee/img_00000001.jpg,46,78,177,250,5,36986,val,18
img/Sorry_Im_Late_Ringer_Tee/img_00000042.jpg,1,104,210,210,5,37509,val,18
img/Fitted_V-Neck_Cardigan/img_00000062.jpg,1,21,227,273,1,93019,val,6
img/Textured_Knit_Dolman_Cardigan/img_00000001.jpg,15,67,128,194,1,48525,val,6
img/Ombr&eacute;_Tank/img_00000022.jpg,37,1,165,300,3,124148,val,17
img/Rolled-Edge_Sweater/img_00000005.jpg,33,73,213,293,2,135396,val,16
img/Floral_Print_Knit_Tank/img_00000040.jpg,35,45,181,168,3,94321,val,17
img/Heathered_Ribbed_Knit_Tank/img_00000016.jpg,86,43,156,190,3,102301,val,17
img/Langley_Fox_Graphic_Muscle_Tee/img_00000012.jpg,52,65,146,271,5,111249,val,18
img/Harry_Potter_Muscle_Tee/img_00000019.jpg,1,1,300,238,5,100015,val,18
img/Bleached_Chambray_Bomber_Jacket/img_00000028.jpg,9,65,202,280,0,125819,val,11
img/Splatter_Print_Muscle_Tee/img_00000003.jpg,76,48,174,155,5,39561,val,18
img/Nylon_Raglan_Bomber_Jacket/img_00000006.jpg,65,52,156,157,0,123890,val,11
img/Textured_High-Neck_Blouse/img_00000092.jpg,55,66,187,257,4,4441,val,3
img/Southwest_Bound_Shag_Sweater/img_00000035.jpg,33,82,196,254,2,37622,val,16
img/Easy_Camo_Jacket/img_00000036.jpg,53,88,141,178,0,85420,val,11
img/Married_To_The_Mob_Fun_Tank/img_00000018.jpg,7,41,151,264,3,118288,val,17
img/Buttoned_Collarless_Blouse/img_00000081.jpg,44,63,250,300,4,6936,val,3
img/Open-Front_Longline_Jacket/img_00000034.jpg,34,53,159,257,0,125029,val,11
img/Vented_Back_Tank/img_00000032.jpg,60,45,134,231,3,56648,val,17
img/Tribal_Print_Tulip-Back_Tank/img_00000044.jpg,101,62,245,205,3,52741,val,17
img/Stripe_Burnout_Workout_Tank/img_00000042.jpg,42,61,122,219,3,41156,val,17
img/Rhinestone_Beaded_Fuzzy_Sweater/img_00000004.jpg,35,73,201,280,2,133271,val,16
img/Classic_Faded_Denim_Jacket/img_00000028.jpg,1,56,200,222,0,67819,val,11
img/Buttoned_Collarless_Blouse/img_00000111.jpg,30,24,274,300,4,6966,val,3
img/In_Love_Tank/img_00000060.jpg,31,1,205,300,3,107059,val,17
img/V-Neck_Button-Down_Cardigan/img_00000083.jpg,1,71,194,210,1,55272,val,6
img/Animal_Print_Satin_Blouse/img_00000090.jpg,86,41,193,151,4,18986,val,3
img/Embroidered_Peasant_Blouse/img_00000066.jpg,1,1,198,300,4,18424,val,3
img/Boxy_Vented_Tank/img_00000040.jpg,15,72,130,230,3,39557,val,17
img/Diamond_Patterned_Cardigan/img_00000010.jpg,1,44,238,300,1,80477,val,6
img/Southwestern_Print_Batwing_Cardigan/img_00000014.jpg,35,76,167,271,1,37840,val,6
img/Favorite_Heathered_Tank/img_00000002.jpg,57,77,182,298,3,92039,val,17
img/Unicorns_Graphic_Cutout_Tank/img_00000029.jpg,46,57,192,246,3,54868,val,17
img/Standout_Americana_Sweater/img_00000033.jpg,39,90,220,292,2,40260,val,16
img/Oh_Graphic_Tank/img_00000036.jpg,1,1,214,170,3,124012,val,17
img/Scalloped_Lace_Cardigan/img_00000047.jpg,68,80,163,174,1,137487,val,6
img/Slub_Knit_Cardigan/img_00000061.jpg,78,70,227,297,1,35552,val,6
img/Boxy_Polka_Dot_Pocket_Tee/img_00000050.jpg,3,43,83,128,5,34428,val,18
img/Belted_Drapey_Crepe_Jacket/img_00000012.jpg,93,52,189,133,0,118036,val,11
img/Ribbed_Shawl_Cardigan/img_00000060.jpg,36,66,193,255,1,134979,val,6
img/Metallic_Polka_Dot_Blouse/img_00000074.jpg,3,1,135,300,4,26148,val,3
img/Textured_Maxi_Cardigan/img_00000036.jpg,40,55,135,228,1,48963,val,6
img/Boxy_Slub_Knit_Sweater/img_00000018.jpg,37,106,193,300,2,36678,val,16
img/Astronaut_Print_Tank/img_00000012.jpg,1,6,170,135,3,89818,val,17
img/Basic_Heathered_Tank/img_00000019.jpg,62,84,139,226,3,102353,val,17
img/Subtle_Stripe_Racerback_Tank/img_00000003.jpg,81,37,134,161,3,46528,val,17
img/Open-Knit_Fringe_Tank/img_00000027.jpg,42,74,158,216,3,125454,val,17
img/Knotted_Racerback_Tank/img_00000061.jpg,23,54,117,222,3,108589,val,17
img/Boxy_Ribbed_Knit_Tank/img_00000001.jpg,15,80,153,221,3,34766,val,17
img/Pizza_Party_Tee/img_00000026.jpg,39,80,195,296,5,129414,val,18
img/Ribbed_Open-Knit_Cardigan/img_00000002.jpg,68,63,128,249,1,134789,val,6
img/One_Of_A_Kind_Muscle_Tee/img_00000038.jpg,1,1,300,300,5,124322,val,18
img/Mandarin_Collar_Blouse/img_00000070.jpg,76,68,227,231,4,25626,val,3
img/Cable-Knit_Shrug_Cardigan/img_00000060.jpg,1,55,149,169,1,61025,val,6
img/Classic_Knit_Cardigan/img_00000043.jpg,36,65,130,162,1,68262,val,6
img/Abstract_Print_Woven_Cardigan/img_00000019.jpg,65,35,149,203,1,74432,val,6
img/Waffle_Knit_Sweater/img_00000054.jpg,13,24,140,288,2,57006,val,16
img/Give_Up_Shopping_Muscle_Tee/img_00000018.jpg,47,63,160,238,5,99178,val,18
img/Crochet_Fringe_Tank/img_00000002.jpg,60,1,185,197,3,75601,val,17
img/Medallion_Print_Blouse/img_00000121.jpg,5,49,196,288,4,25985,val,3
img/Boxy_Polka_Dot_Pocket_Tee/img_00000009.jpg,41,67,107,221,5,34387,val,18
img/Sade_Graphic_Tee/img_00000025.jpg,1,22,300,209,5,137219,val,18
img/Scoop_Neck_Tank/img_00000029.jpg,51,80,151,263,3,137748,val,17
img/Must-Have_Scoop_Tank/img_00000031.jpg,66,55,182,290,3,121820,val,17
img/Southwestern-Patterned_Maxi_Cardigan/img_00000017.jpg,41,46,159,254,1,38940,val,6
img/Deep-V_Draped_Blouse/img_00000081.jpg,35,61,180,228,4,15561,val,3
img/Longline_Sweater/img_00000007.jpg,72,40,151,171,2,114548,val,16
img/Two-Button_Chino_Suit_Jacket/img_00000069.jpg,49,70,164,195,0,54522,val,11
img/Tasseled_Lace-Up_Sweater/img_00000036.jpg,30,83,191,234,2,47639,val,16
img/Hooded_Puffer_Jacket/img_00000071.jpg,1,79,300,300,0,105653,val,11
img/West_Coast_Mesh_Tank/img_00000044.jpg,32,83,190,294,3,58157,val,17
img/Hooded_Puff_Parka/img_00000055.jpg,3,35,159,268,0,105567,val,13
img/Boxy_Tribal_Print_Tank/img_00000026.jpg,1,48,95,144,3,39056,val,17
img/Contrast-Trimmed_Sweater/img_00000032.jpg,22,67,167,236,2,73785,val,16
img/Daisy_Print_Muscle_Tee/img_00000014.jpg,50,10,201,153,5,79451,val,18
"img/Young,_Beautiful,_&_Glamorous_Sweater/img_00000021.jpg",153,73,244,161,2,59389,val,16
img/Boxy_Crochet-Paneled_Blouse/img_00000026.jpg,61,61,168,254,4,30830,val,3
img/Things_I_Love_Tee/img_00000020.jpg,54,54,264,259,5,49801,val,18
img/V-Neck_Cardigan/img_00000074.jpg,25,76,177,229,1,55348,val,6
img/Deep-V_Draped_Blouse/img_00000038.jpg,1,5,139,172,4,15518,val,3
img/Basic_Athletic_Racerback_Tank/img_00000039.jpg,9,46,111,294,3,101016,val,17
img/Minimal_Muse_V-Neck_Tee/img_00000015.jpg,56,59,178,217,5,120700,val,18
img/Moto_Babe_Tank/img_00000048.jpg,131,66,300,300,3,121584,val,17
img/Drapey_Mandala_Print_Cardigan/img_00000029.jpg,23,68,189,207,1,84072,val,6
img/Side-Slit_Striped_Blouse/img_00000004.jpg,29,7,210,247,4,645,val,3
img/Shawl_Collar_Drop-Sleeve_Cardigan/img_00000011.jpg,1,1,213,300,1,139198,val,6
img/Textured_Knit_Open-Front_Cardigan/img_00000017.jpg,20,75,178,300,1,48638,val,6
img/Windbreaker_Utility_Jacket/img_00000013.jpg,44,74,216,271,0,58598,val,11
img/Longline_Marled_Single-Button_Jacket/img_00000017.jpg,50,48,150,235,0,114053,val,11
img/Abstract_Print_Lace-Paneled_Blouse/img_00000057.jpg,20,71,205,246,4,11500,val,3
img/California_66_Tie-Dye_Tank/img_00000012.jpg,30,52,138,241,3,61439,val,17
img/Shawl_Collar_Geo-Patterned_Cardigan/img_00000004.jpg,108,41,217,198,1,139231,val,6
img/EPTM._Longline_Dip-Dye_Tee/img_00000007.jpg,45,62,182,252,5,84930,val,18
img/Remixed_Regent_Crochet_Lace_Tank/img_00000019.jpg,53,66,168,232,3,133122,val,17
img/Boxy_Polka_Dot_Pocket_Tee/img_00000017.jpg,38,66,162,174,5,34395,val,18
img/Prep_School_Varsity_Cardigan/img_00000020.jpg,16,12,191,241,1,130730,val,6
img/Perforated_Faux_Leather_Tank/img_00000009.jpg,55,47,146,171,3,128889,val,17
img/Waffle_Knit_Cardigan/img_00000052.jpg,21,17,283,300,1,56876,val,6
img/Oy_Vey_Graphic_Tee/img_00000032.jpg,1,1,300,300,5,126879,val,18
img/Ribbed_Knit_Cardigan/img_00000018.jpg,25,6,200,300,1,134344,val,6
img/Ribbed_Trapeze_Tank/img_00000009.jpg,38,62,159,272,3,135119,val,17
img/Crepe_Popover_Blouse/img_00000045.jpg,70,13,170,137,4,13437,val,3
img/Deep-V_Draped_Blouse/img_00000057.jpg,42,47,181,258,4,15537,val,3
img/Textured_Fisherman_Sweater/img_00000032.jpg,68,30,217,175,2,48451,val,16
img/Cropped_Double-Racer_Tank/img_00000047.jpg,39,62,147,198,3,77216,val,17
img/Quilted_Faux_Leather_Jacket/img_00000030.jpg,25,60,153,300,0,131288,val,11
img/Collarless_Popover_Blouse/img_00000006.jpg,27,67,173,203,4,12323,val,3
img/Layered_Chiffon_Blouse/img_00000046.jpg,1,6,200,300,4,24076,val,3
img/Floral_Print_Bomber_Jacket/img_00000042.jpg,159,36,211,120,0,94196,val,11
img/Colorblock_Tie-Dye_Tank/img_00000008.jpg,8,9,72,159,3,71689,val,17
img/City_of_NY_Tank/img_00000012.jpg,93,1,259,274,3,66046,val,17
img/Shawl_Collar_Dolman_Cardigan/img_00000042.jpg,26,1,270,300,1,139181,val,6
img/Map_Graphic_Tee/img_00000070.jpg,1,1,214,170,5,116291,val,18
img/Hooded_Loose-Knit_Cardigan/img_00000007.jpg,25,15,131,190,1,105159,val,6
img/Hooded_Varsity_Stripe_Jacket/img_00000037.jpg,21,40,164,224,0,106311,val,11
img/Van_Halen_Muscle_Tee/img_00000053.jpg,3,47,124,221,5,55904,val,18
img/Crochet_Woven_Blouse/img_00000069.jpg,65,51,145,209,4,14124,val,3
img/Boxy_Soft-Knit_Sweater/img_00000048.jpg,87,70,233,221,2,37162,val,16
img/Crepe_Henley_Blouse/img_00000049.jpg,45,60,127,196,4,13310,val,3
img/Pegasus_Graphic_Tee/img_00000018.jpg,1,1,170,135,5,128605,val,18
img/Boxy_Utility_Jacket/img_00000047.jpg,23,124,205,270,0,39287,val,11
img/Tribal_Print_Woven_Cardigan/img_00000028.jpg,46,55,167,232,1,52770,val,6
img/LA_Love_Muscle_Tee/img_00000009.jpg,29,1,281,300,5,109309,val,18
img/Finish_Line_Athletic_Tank/img_00000001.jpg,16,1,254,298,3,92785,val,17
img/Hooded_Puffer_Jacket/img_00000003.jpg,32,35,206,300,0,105585,val,11
img/Sweet_Crochet_Blouse/img_00000017.jpg,155,70,247,124,4,3203,val,3
img/Chambray_Popover_Blouse/img_00000049.jpg,35,72,173,233,4,9077,val,3
img/Sun_Graphic_Racerback_Tank/img_00000054.jpg,32,1,175,300,3,46710,val,17
img/Boxy_Heathered_Linen_Tee/img_00000009.jpg,35,57,142,230,5,137625,val,18
img/Colorblocked_Open-Front_Cardigan/img_00000001.jpg,21,62,218,300,1,72544,val,6
img/Cable-Knit_Shrug_Cardigan/img_00000050.jpg,61,66,114,297,1,61015,val,6
img/Homies_Graphic_Tee/img_00000004.jpg,38,70,162,253,5,104204,val,18
img/Crochet_Cable_Knit_Sweater/img_00000039.jpg,8,5,270,300,2,75489,val,16
img/Self-Tie_Peasant_Blouse/img_00000046.jpg,32,87,181,195,4,32259,val,3
img/Rose-Embroidered_Gauze_Tank/img_00000028.jpg,75,72,146,173,3,136262,val,17
img/Blurred_Floral_Bomber_Jacket/img_00000029.jpg,104,41,300,300,0,126910,val,11
img/Asymmetrical_Dolman_Sweater/img_00000016.jpg,28,83,186,291,2,90728,val,16
img/Time_To_Shine_Tee/img_00000031.jpg,14,1,285,300,5,51309,val,18
img/Waldo_Graphic_Tee/img_00000017.jpg,8,111,188,241,5,57334,val,18
img/Loop_Knit_Open-Front_Cardigan/img_00000024.jpg,5,66,148,300,1,114881,val,6
img/Floral_Print_Pocket_Tee/img_00000029.jpg,61,196,192,298,5,94405,val,18
img/Clustered_Floral_Heathered_Tee/img_00000012.jpg,43,63,192,208,5,70369,val,18
img/Diamond_Print_Chiffon_Cardigan/img_00000032.jpg,54,50,136,290,1,80528,val,6
img/V-Neck_Crop_Tee/img_00000072.jpg,28,74,148,224,5,55439,val,18
img/Designer_Bags_Graphic_Tee/img_00000016.jpg,30,73,164,300,5,80058,val,18
img/Scalloped_Crochet_Tank/img_00000026.jpg,136,34,300,264,3,137379,val,17
img/Hooded_Purl_Knit_Sweater/img_00000008.jpg,31,64,189,275,2,105673,val,16
img/Layered_Boxy_V-Neck_Tank/img_00000032.jpg,44,51,140,214,3,111461,val,17
img/Accordion-Pleated_Raglan_Blouse/img_00000055.jpg,37,69,237,297,4,15896,val,3
img/Keyhole_Abstract_Print_Blouse/img_00000034.jpg,14,36,132,166,4,22893,val,3
img/Fringed_Crochet_Tank/img_00000018.jpg,1,22,220,227,3,96895,val,17
img/Marled_Dolphin_Hem_Sweater/img_00000012.jpg,95,51,148,119,2,116985,val,16
img/Rose_Print_Cardigan/img_00000020.jpg,1,1,300,300,1,135779,val,6
img/Vegan_Leather-Sleeved_Bomber_Jacket/img_00000015.jpg,33,57,176,242,0,56430,val,11
img/ACDC_Graphic_Tee/img_00000048.jpg,10,117,185,274,5,76343,val,18
img/Distressed_Open-Knit_Ombr&eacute;_Sweater/img_00000025.jpg,93,66,142,294,2,81701,val,16
img/Zip-Back_Striped_Tank/img_00000038.jpg,74,66,116,144,3,59619,val,17
img/Boys_Aint_Loyal_Graphic_Tee/img_00000002.jpg,1,1,214,170,5,40119,val,18
img/Slub_Knit_Maxi_Cardigan/img_00000031.jpg,96,65,228,252,1,35995,val,6
img/Mandarin_Collar_Pocket_Blouse/img_00000033.jpg,28,57,222,291,4,25739,val,3
img/Draped_Surplice_Blouse/img_00000019.jpg,74,82,252,260,4,17190,val,3
img/Sateen_V-Neck_Dolphin_Blouse/img_00000014.jpg,95,13,211,135,4,32091,val,3
img/Woven_Open-Back_Blouse/img_00000075.jpg,62,1,162,140,4,8040,val,3
img/Geo-Patterned_Lace_Fringe_Cardigan/img_00000033.jpg,56,73,195,293,1,98816,val,6
img/Cable_Knit_Sweater/img_00000021.jpg,12,73,184,290,2,60177,val,16
img/Fuzzy_Popcorn_Knit_Cardigan/img_00000013.jpg,24,62,194,267,1,97867,val,6
img/Corduroy_Hooded_Parka/img_00000067.jpg,173,68,300,243,0,74068,val,13
img/Colorblock-Striped_Sweater/img_00000076.jpg,15,85,152,248,2,71901,val,16
img/Do_Not_Care_V-Neck_Tee/img_00000053.jpg,92,91,200,210,5,82250,val,18
img/Colorblocked_Scoop_Neck_Sweater/img_00000064.jpg,28,58,189,300,2,72910,val,16
img/Tie-Dye_Paradise_Tank/img_00000018.jpg,39,50,146,248,3,50630,val,17
img/Open-Knit_Cowl_Neck_Sweater/img_00000049.jpg,64,72,230,259,2,125273,val,16
img/New_York_City_Pocket_Tee/img_00000006.jpg,1,1,300,300,5,123017,val,18
img/Colorblocked_Track_Jacket/img_00000001.jpg,1,1,225,300,0,73082,val,11
img/Woven_Chelsea_Collar_Blouse/img_00000003.jpg,41,102,183,227,4,7868,val,3
img/Boxy_Button-Front_Cardigan/img_00000050.jpg,54,39,182,170,1,133661,val,6
img/Embroidered_Pintucked_Blouse/img_00000078.jpg,14,41,146,235,4,18586,val,3
img/Textured_Knit_Shawl_Cardigan/img_00000026.jpg,14,27,195,250,1,48699,val,6
img/Oversized_Fuzzy_Knit_Cardigan/img_00000018.jpg,8,100,162,274,1,126496,val,6
img/Civil_Longline_Mesh_Tee/img_00000033.jpg,29,56,193,279,5,66249,val,18
img/Waffle_Knit_Crew_Neck_Sweater/img_00000009.jpg,23,1,289,290,2,56908,val,16
img/Cable_Knit_Cardigan/img_00000043.jpg,44,35,241,289,1,59237,val,6
img/Watercolor_Floral_Drawstring_Blouse/img_00000004.jpg,24,59,178,300,4,7191,val,3
img/Daisy_Crochet_Cardigan/img_00000028.jpg,135,54,195,160,1,79355,val,6
img/Def_Leppard_Burnout_Tank/img_00000024.jpg,95,52,156,217,3,79720,val,17
img/Lace-Back_Henley_Tank/img_00000036.jpg,69,85,178,279,3,110306,val,17
img/Boxy_Polka_Dot_Pocket_Tee/img_00000042.jpg,67,58,140,147,5,34420,val,18
img/Chevron-Quilted_Sweater/img_00000004.jpg,73,22,241,229,2,63843,val,16
img/Faux_Leather_Peplum_Jacket/img_00000056.jpg,101,44,204,152,0,90268,val,11
img/Faux-Fur_Trimmed_Puffer_Parka/img_00000057.jpg,51,35,157,148,0,91963,val,13
img/Bleached_Denim_Jacket/img_00000074.jpg,44,84,207,277,0,126032,val,11
img/Faux_Fur_Hood_Parka/img_00000049.jpg,21,36,256,300,0,89006,val,13
img/Braided_Racerback_Athletic_Tank/img_00000032.jpg,132,13,300,300,3,40752,val,17
img/Menagerie_Print_Tee/img_00000042.jpg,5,12,210,284,5,118776,val,18
img/Favorite_Scoop_Neck_Tank/img_00000051.jpg,153,40,239,147,3,92364,val,17
img/Slub_Knit_Sweater/img_00000003.jpg,37,99,182,285,2,36197,val,16
img/Striped_Boxy_Knit_Tee/img_00000007.jpg,68,46,133,141,5,41973,val,18
img/Striped_Bow-Back_Tank/img_00000065.jpg,35,144,163,180,3,41959,val,17
img/Hooded_Purl_Knit_Sweater/img_00000026.jpg,28,99,212,264,2,105690,val,16
img/Tri-Colored_Sweater/img_00000025.jpg,18,62,145,204,2,51893,val,16
img/Faux_Leather_Peplum_Jacket/img_00000072.jpg,17,18,132,217,0,90284,val,11
img/Twisted-Hem_Plaid_Blouse/img_00000011.jpg,24,89,190,244,4,6604,val,3
img/Embroidered_Peasant_Blouse/img_00000023.jpg,1,89,154,202,4,18381,val,3
img/Shore_Girl_Cropped_Tank/img_00000025.jpg,37,61,139,191,3,33386,val,17
img/Ciao_Bella_Graphic_Tank/img_00000038.jpg,44,64,159,250,3,65692,val,17
img/Marled_Knit_Cropped_Tank/img_00000013.jpg,108,86,188,187,3,117289,val,17
img/Chiffon_Plaid_Blouse/img_00000045.jpg,1,4,281,299,4,9556,val,3
img/Collared_Drawstring_Jacket/img_00000022.jpg,22,64,179,230,0,70654,val,11
img/Polka_Dot_Cropped_Blouse/img_00000091.jpg,112,54,299,260,4,29504,val,3
img/Stripe_Print_Surplice_Blouse/img_00000105.jpg,80,85,230,241,4,2371,val,3
img/Mesh_Jersey_Tank/img_00000042.jpg,12,1,156,225,3,118924,val,17
img/L.A.T.H.C._Grid_Graphic_Tee/img_00000009.jpg,79,56,192,300,5,108856,val,18
img/Boxy_Stripe_Sweater/img_00000005.jpg,1,75,144,237,2,37407,val,16
img/Definition_of_Love_Tee/img_00000053.jpg,31,1,285,300,5,79823,val,18
img/Sheer_Woven_Blouse/img_00000018.jpg,60,57,154,179,4,166,val,3
img/Marled_Loop-Knit_Cardigan/img_00000015.jpg,28,79,131,241,1,117654,val,6
img/Lace-Trim_Chiffon_Tank/img_00000010.jpg,64,18,234,300,3,110709,val,17
img/Suede_Fringe_Jacket/img_00000007.jpg,56,7,250,194,0,46573,val,11
img/Heathered_Baseball_Tee/img_00000037.jpg,1,18,300,292,5,100443,val,18
img/Rolled_V-Neck_Sweater/img_00000062.jpg,44,62,188,252,2,135390,val,16
img/So_Fine_Graphic_Tee/img_00000001.jpg,46,78,177,250,5,36986,val,18
img/Eyelash-Knit_Batwing_Cardigan/img_00000007.jpg,29,37,151,210,1,87854,val,6
img/Poetic_Dream_Crochet_Blouse/img_00000067.jpg,1,95,159,280,4,29288,val,3
img/Relaxed_Days_Sweater/img_00000027.jpg,24,104,190,272,2,133019,val,16
img/Embroidered_Bead_Keyhole_Blouse/img_00000010.jpg,24,69,192,247,4,17613,val,3
img/Paisley_Chiffon_Cardigan/img_00000050.jpg,85,57,128,149,1,127078,val,6
img/Tribal_Print_Dolman_Cardigan/img_00000025.jpg,1,56,131,296,1,52414,val,6
img/Pin_Dot_Suit_Jacket/img_00000008.jpg,80,40,246,272,0,129079,val,11
img/Hooded_Maxi_Cardigan/img_00000051.jpg,50,1,172,300,1,105322,val,6
img/Faux_Fur_Trimmed_Moto_Jacket/img_00000067.jpg,197,24,264,132,0,89194,val,11
img/Faux_Leather_Hooded_Jacket/img_00000015.jpg,55,46,240,242,0,89942,val,11
img/Camouflage_Print_Shirt_Jacket/img_00000070.jpg,49,79,246,261,0,62188,val,11
img/Kimono-Sleeved_Paisley_Blouse/img_00000034.jpg,42,41,184,197,4,22977,val,3
img/Striped_Open-Knit_Blouse/img_00000079.jpg,50,72,180,225,4,2908,val,3
img/Striped_Open-Knit_Sweater/img_00000009.jpg,46,21,206,254,2,44636,val,16
img/Open_Knit_Cardigan/img_00000014.jpg,23,58,174,300,1,124363,val,6
img/Cutout_Back_Tank/img_00000057.jpg,57,8,157,175,3,78781,val,17
img/Classic_Trapeze_Tank/img_00000005.jpg,53,77,169,204,3,69776,val,17
img/Longline_Rose_Print_Cardigan/img_00000033.jpg,62,59,235,300,1,114283,val,6
img/Longline_Crochet_Cardigan/img_00000009.jpg,65,71,300,253,1,113531,val,6
img/Teardrop_Back_Burnout_Tee/img_00000003.jpg,39,51,169,208,5,47926,val,18
img/Faux_Leather_Cutout_Jacket/img_00000032.jpg,54,67,300,192,0,89754,val,11
img/Must-Have_Sheer_Tee/img_00000036.jpg,20,77,192,256,5,121870,val,18
img/Abstract_Brushstroke_Sweater/img_00000025.jpg,1,60,151,266,2,88477,val,16
img/Open-Front_Longline_Jacket/img_00000002.jpg,19,21,182,300,0,124997,val,11
img/Hooded_Cotton_Canvas_Anorak/img_00000119.jpg,1,29,109,225,0,22712,val,1
img/Pleated_Chiffon_Blouse/img_00000119.jpg,31,29,188,297,4,28738,val,3
img/Distressed_Muscle_Tee/img_00000038.jpg,86,87,187,272,5,81655,val,18
img/Beach_Scene_Tank/img_00000017.jpg,1,28,206,300,3,107651,val,17
img/Basic_Heathered_Tee/img_00000027.jpg,33,65,205,297,5,102457,val,18
img/Leaf_Print_Blouse/img_00000033.jpg,1,51,200,269,4,24492,val,3
img/Floral_Print_Buttoned_Tank/img_00000033.jpg,63,52,155,159,3,94275,val,17
img/Abstract_Pattern_Cardigan/img_00000054.jpg,45,47,161,225,1,62678,val,6
img/Fuzzy_Polka_Dot_Cardigan/img_00000002.jpg,61,57,146,188,1,97797,val,6
img/Two-Tone_Open-Front_Cardigan/img_00000048.jpg,1,16,200,270,1,54820,val,6
img/Linen_Pocket_Tee/img_00000028.jpg,3,6,135,139,5,112768,val,18
img/Crew_Neck_Fisherman_Sweater/img_00000030.jpg,7,74,201,291,2,74985,val,16
img/Floral_Print_Bomber_Jacket/img_00000040.jpg,63,70,141,211,0,94194,val,11
img/Striped_Raglan_Sweater/img_00000038.jpg,23,54,141,228,2,45001,val,16
img/Surfer_Girl_Tank/img_00000048.jpg,1,170,300,230,3,46875,val,17
img/LA_Lakers_Graphic_Tank/img_00000013.jpg,53,64,137,236,3,109200,val,17
img/Longline_Ribbed_Cardigan/img_00000023.jpg,52,48,173,300,1,114207,val,6
img/Must-Have_Scoop_Tank/img_00000004.jpg,33,69,136,231,3,121793,val,17
img/Colorblocked_Raglan_Baseball_Tee/img_00000012.jpg,1,63,157,274,5,72735,val,18
img/Woven_Wrap_Cardigan/img_00000049.jpg,32,56,171,214,1,58915,val,6
img/Cutout_Back_Tank/img_00000014.jpg,28,33,172,264,3,78738,val,17
img/Drop-Sleeve_V-Neck_Sweater/img_00000048.jpg,37,64,171,214,2,84706,val,16
img/Los_Angeles_Muscle_Tee/img_00000046.jpg,1,27,300,180,5,115358,val,18
img/Sheer-Paneled_Sweater/img_00000051.jpg,51,43,140,145,2,33118,val,16
img/Crocheted_Tonal-Patterned_Cardigan/img_00000019.jpg,132,63,246,174,1,77036,val,6
img/Buttoned_Front_Tank/img_00000039.jpg,70,72,233,270,3,56520,val,17
img/Crochet_Cover-Up_Tank/img_00000047.jpg,18,38,82,135,3,75568,val,17
img/Drape-Front_Marled_Cardigan/img_00000015.jpg,76,71,258,262,1,83052,val,6
img/Striped_Open-Knit_Blouse/img_00000026.jpg,40,81,171,300,4,2855,val,3
img/Scuba_Knit_Moto_Jacket/img_00000007.jpg,19,86,158,209,0,137959,val,11
img/Longline_Denim_Jacket/img_00000021.jpg,82,52,189,284,0,113618,val,11
img/Raw-Cut_Tank/img_00000011.jpg,45,55,147,208,3,132253,val,17
img/Faux_Fur_Jacket/img_00000022.jpg,1,61,210,290,0,89072,val,11
img/Killin_It_Mesh_Tank/img_00000008.jpg,74,70,194,236,3,107771,val,17
img/Striped_V-Neck_Jersey_Tee/img_00000065.jpg,1,15,200,250,5,45951,val,18
img/Embroidered_Self-Tie_Blouse/img_00000081.jpg,47,52,161,207,4,18717,val,3
img/Happiness_Graphic_Tee/img_00000059.jpg,102,60,200,177,5,99936,val,18
img/Slub_Knit_Dolman_Cardigan/img_00000015.jpg,40,36,225,186,1,35662,val,6
img/Round_Collar_Chiffon_Blouse/img_00000017.jpg,60,79,250,254,4,30943,val,3
img/Textured_Knit_Cardigan/img_00000005.jpg,97,70,149,228,1,48498,val,6
img/Layered_Landscape_Print_Tee/img_00000017.jpg,22,47,190,242,5,111624,val,18
img/Striped_Southwestern_Print_Tank/img_00000003.jpg,102,61,172,274,3,45341,val,17
img/Open-Front_Longline_Jacket/img_00000035.jpg,21,65,167,254,0,125030,val,11
img/Dainty_Lace_Tee/img_00000035.jpg,27,65,155,249,5,79323,val,18
img/Chiffon_Curved_Hem_Blouse/img_00000044.jpg,1,9,300,300,4,9438,val,3
img/Sheer_Back_Tee/img_00000033.jpg,66,19,132,113,5,139312,val,18
img/Marled_Cable_Knit_Sweater/img_00000035.jpg,33,74,165,265,2,116692,val,16
img/Classic_Pocket_Tank/img_00000020.jpg,46,79,166,244,3,68756,val,17
img/Raw-Cut_Tank/img_00000035.jpg,85,78,224,265,3,132277,val,17
img/Floral_Lace_Blouse/img_00000033.jpg,1,55,211,300,4,20421,val,3
img/Contrast_Mesh-Paneled_Tee/img_00000043.jpg,62,65,242,249,5,73427,val,18
img/Knotted_Jersey_Tee/img_00000020.jpg,47,60,136,167,5,108474,val,18
img/Faux_Leather-Trim_Blouse/img_00000114.jpg,42,58,152,240,4,19496,val,3
img/Lattice_Knit_Sweater/img_00000055.jpg,14,103,193,270,2,111386,val,16
img/Heathered_Racerback_Tank/img_00000015.jpg,62,62,163,260,3,102134,val,17
img/Moto_Babe_Tank/img_00000029.jpg,26,48,120,194,3,121565,val,17
img/Textured_Crochet_Lace_Tank/img_00000024.jpg,54,67,163,216,3,48296,val,17
img/Floral_Lace_Maxi_Cardigan/img_00000048.jpg,101,1,261,300,1,93865,val,6
img/Rugrats_Graphic_Tee/img_00000043.jpg,1,70,300,264,5,137084,val,18
img/Embroidered_Mesh_Gauze_Blouse/img_00000032.jpg,87,34,196,243,4,18214,val,3
img/Pintucked_Button-Down_Blouse/img_00000108.jpg,3,58,164,232,4,28239,val,3
img/Baroque_Print_Blouse/img_00000104.jpg,86,13,300,291,4,22025,val,3
img/Southwestern_Print_Blouse/img_00000057.jpg,39,115,164,221,4,1680,val,3
img/Heathered_Scuba_Knit_Bomber_Jacket/img_00000023.jpg,8,58,189,205,0,102410,val,11
img/Prep_School_Varsity_Cardigan/img_00000021.jpg,48,50,162,193,1,130731,val,6
img/Heathered_Colorblock_Pocket_Tank/img_00000019.jpg,15,62,172,269,3,100692,val,17
img/Daisy_Print_Blouse/img_00000040.jpg,46,43,144,229,4,15385,val,3
img/Colorblock_Tie-Dye_Tank/img_00000004.jpg,67,57,162,232,3,71685,val,17
img/Tulip_Back_Crepe_Blouse/img_00000070.jpg,46,79,190,288,4,5994,val,3
img/Fuzzy_Knit_Sweater/img_00000001.jpg,46,59,185,300,2,97590,val,16
img/Linen_Colorblock_Tee/img_00000031.jpg,50,69,265,286,5,112664,val,18
img/Pleated_Front_Blouse/img_00000100.jpg,35,83,173,261,4,29016,val,3
img/Heathered_Box_Pleat_Tee/img_00000004.jpg,27,63,163,207,5,100456,val,18
img/Geo_Print_Trimmed_Tee/img_00000007.jpg,34,55,170,194,5,98589,val,18
img/Relaxed_Days_Sweater/img_00000021.jpg,20,62,176,277,2,133013,val,16
img/Striped_Ringer_Tee/img_00000045.jpg,24,89,200,280,5,45121,val,18
img/Striped_Bow-Back_Tank/img_00000051.jpg,29,10,179,300,3,41945,val,17
img/Knit_Crew_Neck_Sweater/img_00000042.jpg,35,1,277,300,2,108263,val,16
img/Everyday_Tank/img_00000047.jpg,66,77,188,285,3,87694,val,17
img/Cowl_Neck_Fisherman_Sweater/img_00000005.jpg,24,39,190,250,2,74463,val,16
img/Deep-V_Draped_Blouse/img_00000094.jpg,30,49,110,149,4,15574,val,3
img/Wave_Print_Tee/img_00000005.jpg,1,1,200,200,5,57555,val,18
img/Mixed_Ornate_Print_Blouse/img_00000013.jpg,34,62,173,236,4,26200,val,3
img/Tab-Sleeved_Chiffon_Blouse/img_00000002.jpg,1,1,200,300,4,3316,val,3
img/Floral_Foliage_Print_Cardigan/img_00000042.jpg,22,100,216,299,1,93744,val,6
img/Cropped_Mock_Neck_Sweater/img_00000018.jpg,73,40,167,149,2,77415,val,16
img/Striped_Knit_Tee/img_00000020.jpg,57,91,196,187,5,43760,val,18
img/Led_Zeppelin_Muscle_Tee/img_00000007.jpg,19,70,133,278,5,112116,val,18
img/Heathered_Pocket_Tee/img_00000018.jpg,1,15,300,300,5,102038,val,18
img/Chiffon-Paneled_Marled_Sweater/img_00000036.jpg,1,42,146,260,2,64972,val,16
img/Dip-Dye_Tank/img_00000036.jpg,111,68,213,300,3,81034,val,17
img/Marled_Dolphin_Hem_Sweater/img_00000004.jpg,72,71,164,254,2,116977,val,16
img/Rhinestone_Embellished_Shaggy_Sweater/img_00000010.jpg,20,71,177,246,2,133342,val,16
img/Marled_Shawl_Collar_Cardigan/img_00000022.jpg,34,86,213,296,1,117978,val,6
img/Shirred_Lace-Paneled_Blouse/img_00000014.jpg,53,101,207,269,4,441,val,3
img/Nothing_02_Wear_Tee/img_00000039.jpg,26,72,194,280,5,123671,val,18
img/Chunky_Knit_Longline_Cardigan/img_00000036.jpg,70,58,198,275,1,65319,val,6
img/Prairie-Embroidered_Peplum_Blouse/img_00000029.jpg,57,55,202,228,4,29707,val,3
img/Pineapple_Print_Tank/img_00000023.jpg,68,4,146,145,3,129156,val,17
img/High-Neck_Striped_Tee/img_00000026.jpg,1,1,209,297,5,103890,val,18
img/Embroidered_Pintucked_Blouse/img_00000077.jpg,70,60,272,283,4,18585,val,3
img/Scoop_Neck_Linen_Tee/img_00000041.jpg,68,49,142,146,5,137666,val,18
img/Tab-Sleeved_Chiffon_Blouse/img_00000006.jpg,25,64,182,239,4,3320,val,3
img/Colorblock_Pocket_Tank/img_00000056.jpg,34,1,262,300,3,71592,val,17
img/Chunky_Knit_Boxy_Sweater/img_00000003.jpg,93,87,214,283,2,65248,val,16
img/Clean_Wash_Denim_Jacket/img_00000040.jpg,36,53,116,200,0,70209,val,11
img/Tie-Dyed_Tank/img_00000015.jpg,86,20,217,261,3,50763,val,17
img/Floral_Tulip_Back_Tank/img_00000016.jpg,79,43,138,164,3,94999,val,17
img/Destroyed_Linen_Tee/img_00000002.jpg,26,16,193,251,5,80153,val,18
img/Faux_Mohair_Sweater/img_00000038.jpg,88,65,237,275,2,90861,val,16
img/Elephant_Printed_Tank/img_00000013.jpg,56,1,235,300,3,85999,val,17
img/Favorite_V-Neck_Tee/img_00000056.jpg,89,60,213,203,5,92572,val,18
img/Heathered_Stripe_Boxy_Tee/img_00000011.jpg,34,89,178,250,5,102721,val,18
img/Embroidered_Southwestern_Pattern_Jacket/img_00000018.jpg,42,36,264,264,0,87081,val,11
img/Popcorn_Knit_Cardigan/img_00000030.jpg,105,49,259,235,1,130532,val,6
img/Colorblock_Tie-Dye_Tank/img_00000039.jpg,49,82,219,300,3,71720,val,17
img/Boxy_Side-Slit_Stripe_Tee/img_00000040.jpg,28,1,135,296,5,36513,val,18
img/Twisted_Racerback_Tank/img_00000055.jpg,1,1,214,170,3,54420,val,17
img/American_Flag_Sweater/img_00000057.jpg,14,11,164,226,2,86212,val,16
img/Striped_Burger_Tee/img_00000026.jpg,30,52,109,203,5,42086,val,18
img/Classic_V-Neck_Tee/img_00000007.jpg,38,109,176,226,5,70027,val,18
img/Seamless_Athletic_Tank/img_00000035.jpg,71,79,157,269,3,138164,val,17
img/Triangle_Print_Chiffon_Blouse/img_00000066.jpg,8,80,160,245,4,5367,val,3
img/Cropped_Open-Knit_Sweater/img_00000059.jpg,22,22,176,154,2,77519,val,16
img/Open_Knit_Raglan_Sweater/img_00000010.jpg,92,65,214,198,2,124525,val,16
img/Guns_N_Roses_Muscle_Tee/img_00000044.jpg,1,1,100,100,5,99707,val,18
img/Leopard_Print-Pocket_Tank/img_00000046.jpg,171,8,291,98,3,112300,val,17
img/Open-Back_Knit_Blouse/img_00000023.jpg,68,78,226,294,4,26908,val,3
img/Dip-Dye_Sweater/img_00000033.jpg,59,6,166,131,2,80938,val,16
img/Iconic_V-Neck_Cardigan/img_00000020.jpg,64,73,214,263,1,106831,val,6
img/LA_Clippers_Graphic_Tank/img_00000005.jpg,75,60,121,210,3,109001,val,17
img/Distressed_For_the_Road_Tee/img_00000028.jpg,55,96,205,300,5,81468,val,18
img/Micro-Striped_Tank/img_00000004.jpg,39,77,173,268,3,120429,val,17
img/Marled_Crochet-Back_Sweater/img_00000018.jpg,43,18,189,249,2,116829,val,16
img/Mesh_Jersey_Tank/img_00000009.jpg,52,100,158,286,3,118891,val,17
img/Slub_Knit_Cotton_Tee/img_00000021.jpg,12,87,176,228,5,35583,val,18
img/Favorite_V-Neck_Tee/img_00000056.jpg,89,60,213,203,5,92572,val,18
img/Crochet_Fringe_Tank/img_00000004.jpg,1,4,225,276,3,75603,val,17
img/Two-Tone_Chunky_Cardigan/img_00000024.jpg,1,87,145,265,1,54628,val,6
img/Colorblocked_Tribal_Print_Blouse/img_00000035.jpg,55,69,140,214,4,12637,val,3
img/Lace_Print_Chiffon_Jacket/img_00000033.jpg,1,13,182,228,0,110039,val,11
img/Burnout_Baseball_Tee/img_00000050.jpg,19,80,233,300,5,49900,val,18
img/Striped_Shawl_Collar_Cardigan/img_00000076.jpg,39,62,137,164,1,45248,val,6
img/Sade_Graphic_Tee/img_00000004.jpg,45,31,208,228,5,137198,val,18
img/Asymmetrical_Dolman_Sweater/img_00000018.jpg,20,52,102,188,2,90730,val,16
img/Lace_Back_Linen_Cardigan/img_00000041.jpg,95,102,225,185,1,109721,val,6
img/Eyelash_Lace_Trim_Blouse/img_00000016.jpg,55,72,155,170,4,19100,val,3
img/Striped_Heathered_Tee/img_00000004.jpg,12,35,194,265,5,43288,val,18
img/Stripe_Fuzzy_Cardigan/img_00000027.jpg,56,101,200,299,1,41190,val,6
img/Drawstring_Utility_Jacket/img_00000060.jpg,1,57,300,300,0,84334,val,11
img/Marled_Knit_Racerback_Tank/img_00000020.jpg,26,47,127,186,3,117467,val,17
img/Faux_Fur_Bomber_Jacket/img_00000033.jpg,78,58,264,285,0,88770,val,11
img/Palm_Tree_Muscle_Tee/img_00000034.jpg,73,66,248,275,5,127552,val,18
img/Heathered_Frida_Kahlo_Tee/img_00000040.jpg,42,45,121,140,5,101315,val,18
img/Fringed_Lace_Cardigan/img_00000013.jpg,71,33,177,198,1,96991,val,6
img/Relaxed_Days_Sweater/img_00000010.jpg,48,70,191,278,2,133002,val,16
img/Hooded_Leaf_Print_Utility_Jacket/img_00000002.jpg,1,69,225,300,0,105032,val,11
img/Meow_Bella_Slub_Knit_Tee/img_00000019.jpg,29,78,190,212,5,118798,val,18
img/Ribbed_Side-Slit_Tank/img_00000014.jpg,30,1,198,300,3,135096,val,17
img/Loose-Knit_Longline_Tee/img_00000011.jpg,42,66,157,253,5,115007,val,18
img/Popcorn-Knit_Sweater/img_00000031.jpg,51,27,265,255,2,130577,val,16
img/Pleated_Front_Blouse/img_00000005.jpg,14,86,203,207,4,28921,val,3
img/Chiffon-Sleeve_Mesh_Bomber_Jacket/img_00000029.jpg,38,32,112,102,0,65133,val,11
img/Boxy_Tribal_Print_Tank/img_00000016.jpg,56,85,206,284,3,39046,val,17
img/Boxy_Baseball_Tee/img_00000030.jpg,74,65,225,240,5,133485,val,18
img/Classic_Heathered_V-Neck_Cardigan/img_00000042.jpg,10,79,204,275,1,68210,val,6
img/Paisley_Print_Tank/img_00000045.jpg,175,22,300,292,3,127227,val,17
img/Waffle_Knit_Cardigan/img_00000065.jpg,3,24,225,300,1,56889,val,6
img/Metallic_Polka_Dot_Blouse/img_00000109.jpg,85,49,171,138,4,26183,val,3
img/Textured_Faux_Leather_Moto_Jacket/img_00000031.jpg,54,78,157,196,0,48395,val,11
img/Pintucked_Lace_Button-Down_Blouse/img_00000067.jpg,40,64,178,237,4,28495,val,3
img/Chunky_Loose-Knit_Sweater/img_00000038.jpg,46,22,247,300,2,65552,val,16
img/Van_Halen_Muscle_Tee/img_00000012.jpg,115,63,192,202,5,55863,val,18
img/Cute_Black_Tee/img_00000002.jpg,1,156,300,299,5,78573,val,18
img/Wutever_Pocket_Tee/img_00000007.jpg,53,75,132,237,5,58943,val,18
img/Striped_Slub_Knit_Tee/img_00000008.jpg,1,20,202,270,5,45283,val,18
img/Felix_the_Cat_Muscle_Tee/img_00000031.jpg,10,69,134,279,5,92639,val,18
img/Los_Angeles_Lakers_Baseball_Tee/img_00000022.jpg,22,26,142,223,5,115271,val,18
img/Micro-Striped_Tank/img_00000007.jpg,29,80,151,262,3,120432,val,17
img/Until_the_End_Graphic_Tee/img_00000014.jpg,90,75,234,241,5,54899,val,18
img/Vertical_Stripe_Tee/img_00000060.jpg,1,25,250,277,5,56747,val,18
img/Crochet_Woven_Blouse/img_00000007.jpg,65,37,240,219,4,14062,val,3
img/Flutter_Sleeve_Blouse/img_00000098.jpg,46,105,254,300,4,21434,val,3
img/Drawstring-Collar_Jacket/img_00000028.jpg,31,59,175,194,0,84372,val,11
img/Tribal_Print_Dolman_Cardigan/img_00000026.jpg,67,73,254,227,1,52415,val,6
img/Classic_V-Neck_Cardigan/img_00000044.jpg,58,94,221,281,1,69999,val,6
img/Striped_V-Neck_Jersey_Tee/img_00000053.jpg,23,49,153,198,5,45939,val,18
img/Crochet-Trimmed_Blouse/img_00000017.jpg,13,73,180,242,4,14482,val,3
img/Palm_Springs_Cropped_Tank/img_00000037.jpg,48,80,146,219,3,127418,val,17
img/Shawl_Collar_Cardigan/img_00000037.jpg,38,75,180,300,1,139090,val,6
img/Tasseled_Abstract_Floral_Cardigan/img_00000021.jpg,51,45,171,289,1,47505,val,6
img/Chambray_Popover_Blouse/img_00000010.jpg,1,21,268,300,4,9038,val,3
img/V-Neck_Cardigan/img_00000036.jpg,35,14,292,300,1,55310,val,6
img/Striped-Sleeve_Tee/img_00000040.jpg,1,1,300,300,5,46187,val,18
img/Floral_Lace_Maxi_Cardigan/img_00000030.jpg,62,1,235,300,1,93847,val,6
img/Striped_Longline_Baseball_Tee/img_00000011.jpg,141,47,256,231,5,43953,val,18
img/Boxy_Giraffe_Print_Tank/img_00000032.jpg,55,94,157,215,3,137436,val,17
img/Southwestern_Burnout_Tee/img_00000039.jpg,44,71,194,265,5,37664,val,18
img/Crochet_Mesh_Racerback_Tank/img_00000011.jpg,12,64,149,300,3,75979,val,17
img/Striped_Twist-Front_Blouse/img_00000087.jpg,24,85,176,263,4,3176,val,3
img/Floral_Flutter_Sleeve_Blouse/img_00000055.jpg,3,4,293,296,4,20324,val,3
img/Chiffon_Paneled_Sweater/img_00000002.jpg,45,71,111,300,2,64356,val,16
img/Hooded_Striped_Sweater/img_00000014.jpg,38,60,192,286,2,105860,val,16
img/Drapey_Muscle_Tee/img_00000038.jpg,54,80,199,242,5,84129,val,18
img/Faux_Leather_Cutout_Jacket/img_00000043.jpg,47,78,148,156,0,89765,val,11
img/Side-Slit_Tee/img_00000004.jpg,82,69,221,266,5,33923,val,18
img/Favorite_Heathered_Tank/img_00000035.jpg,68,78,211,285,3,92072,val,17
img/Longline_Loop-Knit_Cardigan/img_00000010.jpg,33,88,153,292,1,113971,val,6
img/Striped_Cropped_Sweater/img_00000018.jpg,6,71,166,300,2,42719,val,16
img/Colorblocked_Bomber_Jacket/img_00000060.jpg,64,40,158,163,0,71966,val,11
img/Ciao_Bella_Graphic_Tank/img_00000030.jpg,64,65,138,218,3,65684,val,17
img/Boxy_Crochet-Paneled_Blouse/img_00000026.jpg,61,61,168,254,4,30830,val,3
img/Thunderbird_Graphic_Muscle_Tee/img_00000016.jpg,52,65,146,192,5,50077,val,18
img/Faux_Leather_Peplum_Jacket/img_00000080.jpg,22,94,209,254,0,90292,val,11
img/Kimono-Sleeved_Paisley_Blouse/img_00000102.jpg,51,92,254,274,4,23044,val,3
img/Toucan_Print_Tee/img_00000013.jpg,10,1,296,300,5,51695,val,18
img/Southwestern-Patterned_Burnout_Cardigan/img_00000031.jpg,1,88,162,221,1,38771,val,6
img/Sheer_Lace_&_Chiffon_Blouse/img_00000049.jpg,221,68,299,219,4,32765,val,3
img/City-Chic_NYC_Cropped_Tee/img_00000003.jpg,24,57,162,143,5,66112,val,18
img/Crochet_Mesh_Racerback_Tank/img_00000039.jpg,15,53,117,272,3,76007,val,17
img/Dainty_Lace_Tee/img_00000025.jpg,1,20,191,300,5,79313,val,18
img/Stripe_Print_Surplice_Blouse/img_00000055.jpg,27,35,123,164,4,2321,val,3
img/Mandarin_Collar_Pocket_Blouse/img_00000063.jpg,47,75,211,300,4,25768,val,3
img/Corduroy_Hooded_Parka/img_00000020.jpg,59,91,253,300,0,74021,val,13
img/Cotton_Modal-Blend_Tank/img_00000062.jpg,1,13,200,300,3,74234,val,17
img/Ibiza_Muscle_Tee/img_00000006.jpg,33,59,155,160,5,106730,val,18
img/Essential_Waffle_Knit_Sweater/img_00000028.jpg,52,32,215,236,2,87376,val,16
img/Boxy_Mixed_Stripe_Blouse/img_00000043.jpg,60,52,152,183,4,32543,val,3
img/Distressed_Scoop_Neck_Tee/img_00000038.jpg,28,6,101,94,5,81841,val,18
img/Rugby_Stripe_Sweater/img_00000033.jpg,14,67,151,203,2,136793,val,16
img/Faux_Leather_Biker_Jacket/img_00000081.jpg,22,1,296,300,0,89562,val,11
img/Hooded_Open-Front_Cardigan/img_00000060.jpg,48,64,161,297,1,105472,val,6
img/Pizza_Party_Tee/img_00000007.jpg,18,70,184,263,5,129395,val,18
img/Classic_Longline_Knit_Cardigan/img_00000015.jpg,68,67,246,300,1,68618,val,6
img/Textured_Knit_Open-Front_Cardigan/img_00000002.jpg,55,51,165,285,1,48623,val,6
img/Faux_Fur_Hood_Parka/img_00000042.jpg,168,22,288,149,0,88999,val,13
img/Drape-Front_Shawl_Collar_Jacket/img_00000042.jpg,22,57,214,283,0,83138,val,11
img/Crochet-Paneled_Graph_Print_Blouse/img_00000062.jpg,15,65,171,258,4,14464,val,3
img/Dolphin_Hem_Blouse/img_00000062.jpg,42,76,176,199,4,16102,val,3
img/Colorblocked_Bomber_Jacket/img_00000070.jpg,50,47,184,226,0,71976,val,11
img/Striped_Crew_Neck_Sweater/img_00000038.jpg,6,45,300,283,2,42504,val,16
img/Embroidered_Peasant_Blouse/img_00000109.jpg,14,23,211,300,4,18467,val,3
img/Fringed_Tribal_Pattern_Cardigan/img_00000005.jpg,1,1,224,284,1,97374,val,6
img/Flutter_Self-Tie_Blouse/img_00000062.jpg,3,58,205,249,4,21319,val,3
img/The_Rolling_Stones_Graphic_Tee/img_00000026.jpg,64,79,138,200,5,49672,val,18
img/Relaxed_Days_Sweater/img_00000007.jpg,25,51,120,300,2,132999,val,16
img/Woven_Chelsea_Collar_Blouse/img_00000085.jpg,19,64,200,210,4,7950,val,3
img/Crochet_Lace-Paneled_Blouse/img_00000031.jpg,40,61,158,199,4,13994,val,3
img/Crisp_Woven_Suit_Jacket/img_00000042.jpg,14,85,163,252,0,75267,val,11
img/Bow-Front_Pintucked_Blouse/img_00000015.jpg,31,55,180,293,4,30164,val,3
img/Striped_V-Neck_Cotton_Tee/img_00000032.jpg,52,82,209,231,5,45856,val,18
img/Open-Back_Blouse/img_00000157.jpg,19,38,177,253,4,26877,val,3
img/Lace_Sleeve_Tee/img_00000067.jpg,53,68,198,258,5,110183,val,18
img/Morning_Allergy_Graphic_Tee/img_00000004.jpg,1,75,169,224,5,121464,val,18
img/Drapey_Mandala_Print_Cardigan/img_00000004.jpg,26,69,128,255,1,84047,val,6
img/Slub_Knit_Tank/img_00000054.jpg,81,62,169,237,3,36291,val,17
img/Buttoned_Baseball_Tee/img_00000002.jpg,12,1,300,300,5,53975,val,18
img/Textured_Athletic_Jacket/img_00000063.jpg,21,81,202,264,0,48194,val,11
img/Sleek_Draped_Blouse/img_00000070.jpg,26,63,172,250,4,987,val,3
img/Longline_Crepe_Jacket/img_00000040.jpg,9,1,200,300,0,113517,val,11
img/Hooded_Open-Knit_Cardigan/img_00000037.jpg,47,11,210,300,1,105510,val,6
img/Collarless_Woven_Jacket/img_00000029.jpg,13,50,200,291,0,71477,val,11
img/Cotton_Modal_Crew_Neck_Tee/img_00000059.jpg,55,49,180,202,5,74163,val,18
img/Sleeveless_Classic_Woven_Blouse/img_00000031.jpg,55,70,161,300,4,1169,val,3
img/Layered_Chiffon_Blouse/img_00000046.jpg,1,6,200,300,4,24076,val,3
img/Woven_Open-Back_Blouse/img_00000056.jpg,116,72,196,285,4,8021,val,3
img/Rugby_Stripe_Sweater/img_00000027.jpg,45,72,244,225,2,136787,val,16
img/Colorblocked_Pocket_Tee/img_00000040.jpg,51,65,190,228,5,72703,val,18
img/Rhinestone_Beaded_Fuzzy_Sweater/img_00000002.jpg,22,67,178,266,2,133269,val,16
img/Boho_Doll_Crocheted_Cardigan/img_00000009.jpg,86,79,231,277,1,128933,val,6
img/Bell_Sleeve_Blouse/img_00000111.jpg,1,57,205,232,4,25350,val,3
img/Curved-Hem_Tank/img_00000052.jpg,64,39,146,189,3,78570,val,17
img/Fuzzy_Eyelash_Knit_Sweater/img_00000027.jpg,33,51,171,284,2,97526,val,16
img/Homies_Graphic_Tee/img_00000007.jpg,88,69,212,295,5,104207,val,18
img/Tweed_Cutaway_Jacket/img_00000035.jpg,62,86,158,192,0,54077,val,11
img/Crepe_Zippered_Blouse/img_00000022.jpg,41,65,161,237,4,13695,val,3
img/Stripe-Pocket_Tank/img_00000012.jpg,58,9,246,300,3,41431,val,17
img/In_Love_Tank/img_00000010.jpg,35,1,265,300,3,107009,val,17
img/Classic_Trapeze_Tank/img_00000027.jpg,39,68,205,206,3,69798,val,17
img/Mesh_Panel_Tank/img_00000054.jpg,72,74,124,133,3,119012,val,17
img/Miami_Heat_Graphic_Tank/img_00000010.jpg,70,1,234,300,3,119912,val,17
img/Paisley_Floral_Print_Blouse/img_00000041.jpg,1,56,240,250,4,27702,val,3
img/Fuzzy_Plaid_Sweater/img_00000031.jpg,59,71,139,152,2,97792,val,16
img/Heathered_Knit_Longline_Jacket/img_00000002.jpg,39,49,103,199,0,101569,val,11
img/Draped_Shawl_Collar_Cardigan/img_00000012.jpg,109,144,173,250,1,83808,val,6
img/Tribal_Print_Peasant_Blouse/img_00000036.jpg,40,71,168,214,4,5674,val,3
img/Heart_Print_Cardigan/img_00000063.jpg,32,42,133,160,1,100353,val,6
img/Marled_Dolphin_Hem_Sweater/img_00000029.jpg,52,64,160,242,2,117002,val,16
img/Shaggy_Open-Front_Cardigan/img_00000041.jpg,138,53,284,251,1,138877,val,6
img/Sheer_Embroidered_Tank/img_00000036.jpg,27,28,159,250,3,139391,val,17
img/Longline_Sweater/img_00000014.jpg,28,12,177,254,2,114555,val,16
img/Watercolor_Floral_Print_Blouse/img_00000026.jpg,35,78,169,246,4,7416,val,3
img/But_First_Coffee_Tank/img_00000031.jpg,57,22,148,143,3,51226,val,17
img/Drop-Sleeve_Heathered_Tee/img_00000027.jpg,26,80,199,241,5,84554,val,18
img/Boxy_Southwestern_Print_Tank/img_00000019.jpg,46,89,159,228,3,37264,val,17
img/Quilted_Faux_Leather_Bomber/img_00000109.jpg,1,1,204,300,0,29879,val,4
img/Split-Back_Pleated_Blouse/img_00000053.jpg,51,104,218,295,4,1970,val,3
img/Baseball_Muscle_Tee/img_00000053.jpg,174,84,296,244,5,100656,val,18
img/Speckled_and_Striped_Drop-Sleeve_Tee/img_00000032.jpg,40,84,191,245,5,39504,val,18
img/Faux_Leather-Paneled_Denim_Jacket/img_00000046.jpg,1,95,205,300,0,90624,val,11
img/Drop-Sleeve_V-Neck_Sweater/img_00000001.jpg,31,20,239,260,2,84659,val,16
img/Collarless_Draped_Open-Front_Jacket/img_00000005.jpg,27,56,226,290,0,70904,val,11
img/Loyal_Cropped_Sweater/img_00000046.jpg,48,1,178,252,2,115916,val,16
img/French_Terry_Open-Front_Cardigan/img_00000013.jpg,91,26,212,171,1,96426,val,6
img/Oversized_Shawl_Cardigan/img_00000005.jpg,42,72,203,300,1,126640,val,6
img/Marled_Crew_Neck_Sweater/img_00000048.jpg,58,83,239,278,2,116790,val,16
img/Striped_Stretch-Knit_Tee/img_00000026.jpg,40,71,183,244,5,45445,val,18
img/Hooded_Longline_Cardigan/img_00000039.jpg,1,86,300,293,1,105122,val,6
img/Floral_Lace_Bomber_Jacket/img_00000009.jpg,65,77,219,248,0,93757,val,11
img/Chiffon_V-Neck_Blouse/img_00000136.jpg,1,46,200,267,4,9772,val,3
img/Faux_Leather_Peplum_Jacket/img_00000024.jpg,1,72,237,270,0,90236,val,11
img/Batwing_Fringe_Cardigan/img_00000033.jpg,32,21,278,232,1,104443,val,6
img/Dusty_Rose_Blouse/img_00000093.jpg,38,1,268,283,4,17566,val,3
img/Ruched_Open-Front_Cardigan/img_00000054.jpg,1,75,173,264,1,136422,val,6
img/Paisley_Chiffon_Cardigan/img_00000029.jpg,28,23,135,124,1,127057,val,6
img/High-Neck_Drawstring_Dolman_Jacket/img_00000010.jpg,59,9,148,300,0,103781,val,11
img/Classic_Crew_Neck_Tee/img_00000057.jpg,32,73,190,280,5,67364,val,18
img/Crochet-Trimmed_Batwing_Cardigan/img_00000023.jpg,37,48,152,206,1,76436,val,6
img/Split-Neck_Dolman_Blouse/img_00000069.jpg,7,69,194,248,4,2225,val,3
img/Ribbed_Crop_Tank/img_00000012.jpg,40,61,155,240,3,134027,val,17
img/Twisted_Racerback_Tank/img_00000008.jpg,49,1,267,300,3,54373,val,17
img/New_York_Pocket_Tee/img_00000015.jpg,30,29,224,201,5,123107,val,18
img/LA_Graphic_Tank/img_00000041.jpg,15,30,188,262,3,109174,val,17
img/Pointelle_Knit_Crop_Tank/img_00000003.jpg,8,12,136,136,3,130200,val,17
img/Striped_Mandarin_Collar_Blouse/img_00000118.jpg,46,58,168,299,4,2807,val,3
img/Accordion-Pleated_Raglan_Blouse/img_00000063.jpg,70,156,123,214,4,15904,val,3
img/Chiffon_V-Neck_Blouse/img_00000092.jpg,1,93,143,266,4,9728,val,3
img/V-Neck_Button-Down_Cardigan/img_00000024.jpg,86,48,225,293,1,55213,val,6
img/V-Neck_Shawl_Collar_Blouse/img_00000050.jpg,1,77,242,263,4,7028,val,3
img/Longline_Fringed-Back_Tank/img_00000020.jpg,44,64,138,226,3,113867,val,17
img/Polka_Dot_Cropped_Blouse/img_00000011.jpg,1,14,109,142,4,29424,val,3
img/Abstract_Geo_Print_Tank/img_00000018.jpg,66,77,193,295,3,138958,val,17
img/Tribal_Pattern_Cardigan/img_00000032.jpg,1,46,223,291,1,52105,val,6
img/Ribbed_Cowl_Neck_Sweater/img_00000017.jpg,58,66,207,292,2,133983,val,16
img/Rugby-Striped_Longline_Cardigan/img_00000005.jpg,29,68,183,300,1,137019,val,6
img/Open-Front_Collared_Jacket/img_00000028.jpg,31,59,209,249,0,124761,val,11
img/Boxy_Wide_Neck_Tee/img_00000045.jpg,40,99,189,272,5,39647,val,18
img/Sleeveless_Vented_Blouse/img_00000056.jpg,32,70,170,280,4,1325,val,3
img/Shirred_Floral-Embroidered_Blouse/img_00000058.jpg,21,65,170,285,4,344,val,3
img/Chunky_Longline_Cardigan/img_00000033.jpg,3,63,150,225,1,65512,val,6
img/Diamond_Open-Knit_Cardigan/img_00000034.jpg,14,1,223,265,1,80376,val,6
img/Lace_Patterned_Sweater/img_00000054.jpg,1,65,120,259,2,110003,val,16
img/Trust_Nobody_Muscle_Tee/img_00000044.jpg,45,18,241,285,5,53568,val,18
img/Hooded_Moto_Jacket/img_00000065.jpg,12,71,178,275,0,105398,val,11
img/Heathered_Shawl_Collar_Cardigan/img_00000059.jpg,1,73,250,255,1,102590,val,6
img/Slub_Knit_Buttoned-Back_Blouse/img_00000102.jpg,57,43,155,163,4,1469,val,3
img/V-Neck_Button-Down_Cardigan/img_00000050.jpg,16,65,174,296,1,55239,val,6
img/Lace-Paneled_Stripe_Tank/img_00000012.jpg,56,73,172,160,3,110456,val,17
img/Boyz_II_Men_Muscle_Tee/img_00000011.jpg,41,32,300,300,5,40163,val,18
img/Cuffed_Longline_Tee/img_00000013.jpg,72,56,161,300,5,77932,val,18
img/Abstract_Tribal_Print_Tank/img_00000012.jpg,68,54,224,259,3,78823,val,17
img/Draped_Marled_Knit_Cardigan/img_00000021.jpg,16,50,202,300,1,83612,val,6
img/Nylon_Raglan_Bomber_Jacket/img_00000040.jpg,35,78,263,289,0,123924,val,11
img/Classic_Turtleneck_Sweater/img_00000018.jpg,24,48,149,234,2,69907,val,16
img/Map_Graphic_Mock_Pocket_Tee/img_00000009.jpg,69,87,269,260,5,116211,val,18
img/Draped_Pocket_Kimono_Cardigan/img_00000005.jpg,82,102,198,241,1,83747,val,6
img/Athletic_Mesh-Paneled_Track_Jacket/img_00000029.jpg,78,47,169,147,0,91639,val,11
img/Crinkled_Stretch_Knit_Blouse/img_00000083.jpg,1,12,225,300,4,13850,val,3
img/Classic_Distressed_Denim_Jacket/img_00000054.jpg,1,39,155,204,0,67650,val,11
img/Beaded_Chiffon_Blouse/img_00000011.jpg,46,1,260,239,4,23197,val,3
img/Belted_Drapey_Crepe_Jacket/img_00000032.jpg,56,43,152,167,0,118056,val,11
img/Marled_Twist-Front_Blouse/img_00000069.jpg,42,65,180,270,4,25855,val,3
img/Control_Sector_Geo_Colorblocked_Tee/img_00000005.jpg,54,33,162,208,5,73866,val,18
img/SpongeBob_x_Mina_Kwon_Graphic_Tee/img_00000018.jpg,20,54,187,270,5,39808,val,18
img/Tonal_Check-Patterned_Blouse/img_00000029.jpg,43,93,210,291,4,5095,val,3
img/Lynyrd_Skynyrd_Tank/img_00000017.jpg,35,65,165,228,3,115944,val,17
img/Micro-Striped_Tank/img_00000026.jpg,103,73,192,229,3,120451,val,17
img/Plaid_Knit_Sweater/img_00000057.jpg,81,53,136,166,2,129673,val,16
img/Basic_Heathered_Tank/img_00000028.jpg,59,52,153,278,3,102362,val,17
img/Destroyed_Tee/img_00000013.jpg,73,71,229,243,5,80290,val,18
img/Marled_Cutout_Back_Sweater/img_00000020.jpg,35,87,192,273,2,116891,val,16
img/Raw-Edged_Distressed_Tank/img_00000012.jpg,75,87,225,253,3,132301,val,17
img/Denim_Hoodie_Jacket/img_00000057.jpg,16,15,196,249,0,79888,val,11
img/Lace_Trimmed_Blouse/img_00000082.jpg,73,93,234,287,4,23548,val,3
img/Heathered_Raglan_Tee/img_00000058.jpg,98,40,193,163,5,102285,val,18
img/Classic_Pocket_Tank/img_00000032.jpg,54,97,170,254,3,68768,val,17
img/Y-Back_Surplice_Peplum_Tank/img_00000006.jpg,102,62,174,234,3,59039,val,17
img/Don't_Be_Jealous_Muscle_Tee/img_00000044.jpg,40,88,160,165,5,82487,val,18
img/Slouchy_Racerback_Tank/img_00000012.jpg,29,47,139,282,3,35219,val,17
img/Ribbed_Dolman_Cardigan/img_00000013.jpg,20,7,158,129,1,134236,val,6
img/R2-D2_Graphic_Tank/img_00000035.jpg,53,86,161,236,3,131681,val,17
img/Draped_Tribal_Pattern_Cardigan/img_00000035.jpg,73,44,282,296,1,83895,val,6
img/Eagles_Graphic_Muscle_Tee/img_00000040.jpg,13,5,287,300,5,85372,val,18
img/Dotted_Crochet-Trimmed_Collared_Blouse/img_00000070.jpg,71,64,138,265,4,16592,val,3
img/Play_With_My_Hair_Tee/img_00000024.jpg,134,55,217,125,5,129811,val,18
img/Embroidered_Mesh_Cardigan/img_00000041.jpg,103,76,210,229,1,86689,val,6
img/Paris_France_Tee/img_00000063.jpg,1,1,300,279,5,128355,val,18
img/Rugby_Striped_Crew_Neck_Sweater/img_00000047.jpg,1,1,142,225,2,136928,val,16
img/Striped_Floral_Blouse/img_00000080.jpg,114,76,186,115,4,2646,val,3
img/Heathered_Fleece-Lined_Cardigan/img_00000015.jpg,89,63,233,296,1,101188,val,6
img/Textured_Athletic_Jacket/img_00000001.jpg,68,83,225,280,0,48132,val,11
img/Striped_Heathered_Tee/img_00000024.jpg,40,68,213,269,5,43308,val,18
img/Sheer_Beaded_Blouse/img_00000065.jpg,14,73,86,157,4,32669,val,3
img/Rhinestoned_&_Beaded_Blouse/img_00000004.jpg,15,14,261,236,4,30531,val,3
img/V-Back_Tank/img_00000049.jpg,27,72,129,213,3,55000,val,17
img/Classic_Crocheted_Lace_Blouse/img_00000073.jpg,151,64,300,294,4,10220,val,3
img/Polka_Dot_Print_Blouse/img_00000063.jpg,7,1,231,300,4,29616,val,3
img/Boston_Celtics_Graphic_Tee/img_00000043.jpg,23,92,217,274,5,130011,val,18
img/Sheer_Embroidered_Tank/img_00000022.jpg,17,23,175,300,3,139377,val,17
img/Faux_Fur_Collar_Cardigan/img_00000067.jpg,34,48,264,254,1,88892,val,6
img/Double-Breasted_Drawstring_Parka/img_00000019.jpg,88,35,212,179,0,82790,val,13
img/Pin_Dot_Suit_Jacket/img_00000047.jpg,12,32,294,263,0,129118,val,11
img/Wave_Print_Tee/img_00000057.jpg,1,1,300,300,5,57607,val,18
img/Tropical_Varsity-Striped_Tank/img_00000018.jpg,36,73,181,247,3,53315,val,17
img/Marled_Loop-Knit_Cardigan/img_00000014.jpg,78,69,174,297,1,117653,val,6
img/Chevron-Quilted_Sweater/img_00000058.jpg,8,98,168,284,2,63897,val,16
img/Baroque_Print_Blouse/img_00000027.jpg,1,1,218,300,4,21948,val,3
img/Quilted_Bomber_Jacket/img_00000043.jpg,8,1,200,228,0,131216,val,11
img/Cable_Knit_Mock-Neck_Sweater/img_00000017.jpg,75,33,243,286,2,59735,val,16
img/Shaggy_Open-Front_Cardigan/img_00000034.jpg,75,61,157,258,1,138870,val,6
img/Denim_Utility_Jacket/img_00000033.jpg,46,101,119,175,0,79954,val,11
img/Raga_Tie-Dye_Maxi_Cardigan/img_00000027.jpg,35,19,236,259,1,131864,val,6
img/Hooded_High-Neck_Jacket/img_00000044.jpg,103,9,300,243,0,105008,val,11
img/Fuzzy_Polka_Dot_Cardigan/img_00000011.jpg,55,35,165,157,1,97806,val,6
img/Side-Knot_Muscle_Tee/img_00000008.jpg,49,68,159,222,5,33647,val,18
img/Wild_MTV_Tee/img_00000005.jpg,72,62,150,156,5,58484,val,18
img/Guns_N_Roses_Muscle_Tee/img_00000033.jpg,207,51,266,164,5,99696,val,18
img/Longline_Striped_Cardigan/img_00000017.jpg,38,37,158,223,1,114523,val,6
img/Pleated_Front_Blouse/img_00000005.jpg,14,86,203,207,4,28921,val,3
img/Popcorn_Knit_Cardigan/img_00000013.jpg,56,69,150,168,1,130515,val,6